component,field,target_class,ngh_class,source_asset,source_path,target_path,source_sha256,target_sha256_before,status_before,status_after,target_sha256_after
HabboCatalogCom,manifest,HabboCatalogCom_manifest,class_276,468_class_276.bin,C:\habbo\client\habbo-client-ngh\binaryData\468_class_276.bin,C:\habbo\client\habbo-client-clean\src\binaryData\HabboCatalogCom_manifest.bin,60c579e4994787bb8638cc90e7475f66de321fc4f7bdd5f790d5eb07eecfd77c,bd229759298ca08b1a4f9d07f8ca7ecae8bb4eb794df81a812f46e6ca2eafccf,different,copied,60c579e4994787bb8638cc90e7475f66de321fc4f7bdd5f790d5eb07eecfd77c
HabboCatalogCom,bot_thumb_bg,HabboCatalogCom_bot_thumb_bg,class_248,2381_class_248.png,C:\habbo\client\habbo-client-ngh\images\2381_class_248.png,C:\habbo\client\habbo-client-clean\src\images\HabboCatalogCom_bot_thumb_bg.png,ce1cc4de85548375be1704b158eaa69f8e1775e8c54d0b70835bf93eee83709a,59ded0dcffb404e5e032d04312850e3a3424ba32c5bff237a16dd714577ed595,different,copied,ce1cc4de85548375be1704b158eaa69f8e1775e8c54d0b70835bf93eee83709a
HabboCatalogCom,bot_thumb_bg_selected,HabboCatalogCom_bot_thumb_bg_selected,class_369,410_class_369.png,C:\habbo\client\habbo-client-ngh\images\410_class_369.png,C:\habbo\client\habbo-client-clean\src\images\HabboCatalogCom_bot_thumb_bg_selected.png,4a998f294b2dd7b69c308a222c79d5dc7d93b4878f84ea869c402dbcdc7d4250,8264f4408e8e20733d0d6d327c314cbed59a7adb95e07c9881b412b624f22e4c,different,copied,4a998f294b2dd7b69c308a222c79d5dc7d93b4878f84ea869c402dbcdc7d4250
HabboCatalogCom,ctlg_clr_27x22_1,HabboCatalogCom_ctlg_clr_27x22_1,HabboCatalogCom_ctlg_clr_27x22_1,1508.png,C:\habbo\client\habbo-client-ngh\images\1508.png,C:\habbo\client\habbo-client-clean\src\images\HabboCatalogCom_ctlg_clr_27x22_1.png,b989cb7556cd631bfaa0b03f7ba62bb9e9540427c4e3698e94bcc9212c3af6dc,2621ce87ce08e62a515092708bf8b19434ee566c333f9f25aae55982d233784b,different,copied,b989cb7556cd631bfaa0b03f7ba62bb9e9540427c4e3698e94bcc9212c3af6dc
HabboCatalogCom,ctlg_clr_27x22_2,HabboCatalogCom_ctlg_clr_27x22_2,HabboCatalogCom_ctlg_clr_27x22_2,860.png,C:\habbo\client\habbo-client-ngh\images\860.png,C:\habbo\client\habbo-client-clean\src\images\HabboCatalogCom_ctlg_clr_27x22_2.png,45c03eaf3c95aa73d3d09e4bd7eb7c87d9f3206b146c3687a75c3686d6edf4bb,7c45ccedcac5490d8f903aed43aa23ff9f1132d8401d9da4593abfcd540e5c69,different,copied,45c03eaf3c95aa73d3d09e4bd7eb7c87d9f3206b146c3687a75c3686d6edf4bb
HabboCatalogCom,ctlg_clr_27x22_3,HabboCatalogCom_ctlg_clr_27x22_3,HabboCatalogCom_ctlg_clr_27x22_3,1560.png,C:\habbo\client\habbo-client-ngh\images\1560.png,C:\habbo\client\habbo-client-clean\src\images\HabboCatalogCom_ctlg_clr_27x22_3.png,14d0e3a1c6bd06d464b4af4f3fdd2f0cfec0bb3044fb32b55bc48f09d4d1ae37,97e8380d61980e28ed2a633dc071f2b96a549494b833552069f5cf9cd52d17e5,different,copied,14d0e3a1c6bd06d464b4af4f3fdd2f0cfec0bb3044fb32b55bc48f09d4d1ae37
HabboCatalogCom,ctlg_clr_40x32_1,HabboCatalogCom_ctlg_clr_40x32_1,HabboCatalogCom_ctlg_clr_40x32_1,1995_HabboCatalogCom_ctlg_clr_40x32_1.png,C:\habbo\client\habbo-client-ngh\images\1995_HabboCatalogCom_ctlg_clr_40x32_1.png,C:\habbo\client\habbo-client-clean\src\images\HabboCatalogCom_ctlg_clr_40x32_1.png,ace419d0a201ba9c5cea0dd644d0994c28214639de6d75ae07a4bb554fb49469,c54686c70ba7a28519af4c70cfe5f12ba9e03c79b01062917747396aebee8df3,different,copied,ace419d0a201ba9c5cea0dd644d0994c28214639de6d75ae07a4bb554fb49469
HabboCatalogCom,ctlg_clr_40x32_2,HabboCatalogCom_ctlg_clr_40x32_2,HabboCatalogCom_ctlg_clr_40x32_2,1996_HabboCatalogCom_ctlg_clr_40x32_2.png,C:\habbo\client\habbo-client-ngh\images\1996_HabboCatalogCom_ctlg_clr_40x32_2.png,C:\habbo\client\habbo-client-clean\src\images\HabboCatalogCom_ctlg_clr_40x32_2.png,282540de82f9441cd6ce38f58a79c15cabf13d8a0ad05127d395adb0af320b81,88987669c95a8ea4e18865626c0de4a17a23376757bfb9ecedfa2ab9ece53a1e,different,copied,282540de82f9441cd6ce38f58a79c15cabf13d8a0ad05127d395adb0af320b81
HabboCatalogCom,ctlg_clr_40x32_3,HabboCatalogCom_ctlg_clr_40x32_3,HabboCatalogCom_ctlg_clr_40x32_3,1998_HabboCatalogCom_ctlg_clr_40x32_3.png,C:\habbo\client\habbo-client-ngh\images\1998_HabboCatalogCom_ctlg_clr_40x32_3.png,C:\habbo\client\habbo-client-clean\src\images\HabboCatalogCom_ctlg_clr_40x32_3.png,041214dc56667c12ec31c73c22046260f16c2002e62a4fd8a527f4e05634fdab,ac5ab332fff86d58533db6817cd3823885a33cfe1a0fa5010555dbced783f5af,different,copied,041214dc56667c12ec31c73c22046260f16c2002e62a4fd8a527f4e05634fdab
HabboCatalogCom,ctlg_arrow_down,HabboCatalogCom_ctlg_arrow_down,class_317,1717_class_317.png,C:\habbo\client\habbo-client-ngh\images\1717_class_317.png,C:\habbo\client\habbo-client-clean\src\images\HabboCatalogCom_ctlg_arrow_down.png,bf3617834d0a8c6d4aa47b38c989b93ba1f845183d003c0c7471f7a8cb36ef2b,3c8e562630da980945055f1e9860ecd18ab085829ced1e71047f55ad83fee009,different,copied,bf3617834d0a8c6d4aa47b38c989b93ba1f845183d003c0c7471f7a8cb36ef2b
HabboCatalogCom,ctlg_arrow_next,HabboCatalogCom_ctlg_arrow_next,class_268,2036_class_268.png,C:\habbo\client\habbo-client-ngh\images\2036_class_268.png,C:\habbo\client\habbo-client-clean\src\images\HabboCatalogCom_ctlg_arrow_next.png,9308c962862a73bbba7465e7ebd60f96f38bd4d5d10de9eedef2bb3f5e83db1f,129ad99735863633ca289de6ee7aa09e2c55059b77b9606d7c7510734d388a76,different,copied,9308c962862a73bbba7465e7ebd60f96f38bd4d5d10de9eedef2bb3f5e83db1f
HabboCatalogCom,ctlg_arrow_prev,HabboCatalogCom_ctlg_arrow_prev,class_241,437_class_241.png,C:\habbo\client\habbo-client-ngh\images\437_class_241.png,C:\habbo\client\habbo-client-clean\src\images\HabboCatalogCom_ctlg_arrow_prev.png,161854bc40b4a376c6249b16048e2eefdffa37da829d4947773afb9f42184bc7,0d6e1bdde604fe23ae6ef51cc610f09a0c3fbf91ac7a6e6c561c2c36879899d0,different,copied,161854bc40b4a376c6249b16048e2eefdffa37da829d4947773afb9f42184bc7
HabboCatalogCom,ctlg_arrow_right,HabboCatalogCom_ctlg_arrow_right,class_370,2110_class_370.png,C:\habbo\client\habbo-client-ngh\images\2110_class_370.png,C:\habbo\client\habbo-client-clean\src\images\HabboCatalogCom_ctlg_arrow_right.png,b59ebd90d50cc190556bde45f2a3f972ab235032ae28025b980c829a537e6b50,dd395ade89a32f618289ac812d4c45d93b068471a4629871bbcf68c2111e3f9d,different,copied,b59ebd90d50cc190556bde45f2a3f972ab235032ae28025b980c829a537e6b50
HabboCatalogCom,ctlg_dyndeal_background,HabboCatalogCom_ctlg_dyndeal_background,class_264,774_class_264.png,C:\habbo\client\habbo-client-ngh\images\774_class_264.png,C:\habbo\client\habbo-client-clean\src\images\HabboCatalogCom_ctlg_dyndeal_background.png,9f7fc906914d52b6485836cdcbdbd27961425a9733c2d230d032c7d157401f59,253d7a15bdc833c43650b0d3237f931c52ff629773043c096cc66dd69b27dbe6,different,copied,9f7fc906914d52b6485836cdcbdbd27961425a9733c2d230d032c7d157401f59
HabboCatalogCom,ctlg_icon_deal_hc,HabboCatalogCom_ctlg_icon_deal_hc,class_386,421_class_386.png,C:\habbo\client\habbo-client-ngh\images\421_class_386.png,C:\habbo\client\habbo-client-clean\src\images\HabboCatalogCom_ctlg_icon_deal_hc.png,110122bd8bbeb62a6fbe1bf4aad9d7a47d1facdc018c26781b27a53b8eb25e86,7a28c1fc4cebeac984c78f39e9585a1ea0ae83f3aeb98a26f22e0e7d96f9070c,different,copied,110122bd8bbeb62a6fbe1bf4aad9d7a47d1facdc018c26781b27a53b8eb25e86
HabboCatalogCom,ctlg_pic_deal_icon_narrow,HabboCatalogCom_ctlg_pic_deal_icon_narrow,class_300,324_class_300.png,C:\habbo\client\habbo-client-ngh\images\324_class_300.png,C:\habbo\client\habbo-client-clean\src\images\HabboCatalogCom_ctlg_pic_deal_icon_narrow.png,92d4b39740c127819294bfeaf58e2997069fa032428cd7ff7f30548eb0a1f2fd,eff01da73259bc4f8c8080288ecb5aaf22ff4989b03d5ba075c14bef56c123ad,different,copied,92d4b39740c127819294bfeaf58e2997069fa032428cd7ff7f30548eb0a1f2fd
HabboCatalogCom,events_confirm_purchase,HabboCatalogCom_events_confirm_purchase,class_237,2378_class_237.png,C:\habbo\client\habbo-client-ngh\images\2378_class_237.png,C:\habbo\client\habbo-client-clean\src\images\HabboCatalogCom_events_confirm_purchase.png,1eafb7c8e909478815fd8e8080a6a3f9376da974615c2a57624fc3d9c3365d5d,6c8be12d4ca1e7eb21704469d5ef781376e0b843946946a11efabf9e94df710f,different,copied,1eafb7c8e909478815fd8e8080a6a3f9376da974615c2a57624fc3d9c3365d5d
HabboCatalogCom,ctlg_recycler_slot_bg,HabboCatalogCom_ctlg_recycler_slot_bg,class_246,615_class_246.png,C:\habbo\client\habbo-client-ngh\images\615_class_246.png,C:\habbo\client\habbo-client-clean\src\images\HabboCatalogCom_ctlg_recycler_slot_bg.png,3b976462844b400b8d87d7e73a99b3b2cb5a036e09e74e0bf4d50c5bae51bce7,f3b74d861e0f332d2c46c50a0ca585aa1ea92652054b84077ac55ebc5c586c85,different,copied,3b976462844b400b8d87d7e73a99b3b2cb5a036e09e74e0bf4d50c5bae51bce7
HabboCatalogCom,purse_club_small,HabboCatalogCom_purse_club_small,class_347,384_class_347.png,C:\habbo\client\habbo-client-ngh\images\384_class_347.png,C:\habbo\client\habbo-client-clean\src\images\HabboCatalogCom_purse_club_small.png,0eb40ee4deca32562ce067782d6b5aa94853e582fc947f771143c9ecaa53a588,3aee44bd6a2ed4740e171dce1f5cf859d09e7b1d486b756bab8b99887057a02c,different,copied,0eb40ee4deca32562ce067782d6b5aa94853e582fc947f771143c9ecaa53a588
HabboCatalogCom,purse_coins_small,HabboCatalogCom_purse_coins_small,class_271,782_class_271.png,C:\habbo\client\habbo-client-ngh\images\782_class_271.png,C:\habbo\client\habbo-client-clean\src\images\HabboCatalogCom_purse_coins_small.png,9f71d36e25c119a69c8029b84e2819040aa9872a8028b03209e0c0dc530a09a4,fbab8ccfc9eccb0801b94ed318f14a1616f870815a5c869b20b5914e26cbb67d,different,copied,9f71d36e25c119a69c8029b84e2819040aa9872a8028b03209e0c0dc530a09a4
HabboCatalogCom,purse_pixels_small,HabboCatalogCom_purse_pixels_small,class_326,543_class_326.png,C:\habbo\client\habbo-client-ngh\images\543_class_326.png,C:\habbo\client\habbo-client-clean\src\images\HabboCatalogCom_purse_pixels_small.png,6dcce2394b14671ee5d25686f790a5a15ee00c02b9e611341c0bedf58ea18d58,18803d48f0bb01becbb0b38dfc212d2a8528db9b0e69dec26622af871ec87bed,different,copied,6dcce2394b14671ee5d25686f790a5a15ee00c02b9e611341c0bedf58ea18d58
HabboCatalogCom,testarrow_down,HabboCatalogCom_testarrow_down,class_337,2452_class_337.png,C:\habbo\client\habbo-client-ngh\images\2452_class_337.png,C:\habbo\client\habbo-client-clean\src\images\HabboCatalogCom_testarrow_down.png,a81a0e65c23c75bac5fdb1319b71494e16983470a224bbe303f4635502928983,ef3ce6032114ffa8f8ce02fbc965fc202ae680c17f7e6b88ef1aa5568f4a958c,different,copied,a81a0e65c23c75bac5fdb1319b71494e16983470a224bbe303f4635502928983
HabboCatalogCom,testarrow_right,HabboCatalogCom_testarrow_right,class_280,474_class_280.png,C:\habbo\client\habbo-client-ngh\images\474_class_280.png,C:\habbo\client\habbo-client-clean\src\images\HabboCatalogCom_testarrow_right.png,65e59761571d8651d8bfd943f61c27e0576e0a823d29780a99a6989f9936ec0a,5094f1f9b3905b9ec3dec48cd1f4b99dd8201d01266cc34debfc4d46c8faf4c1,different,copied,65e59761571d8651d8bfd943f61c27e0576e0a823d29780a99a6989f9936ec0a
HabboCatalogCom,vip_icon_medium,HabboCatalogCom_vip_icon_medium,class_381,1643_class_381.png,C:\habbo\client\habbo-client-ngh\images\1643_class_381.png,C:\habbo\client\habbo-client-clean\src\images\HabboCatalogCom_vip_icon_medium.png,f0b8b3e3c6f6e3fa6a4932177610b2ce7d6f9b3948250e961a128b69b58b017e,5a00b8095c9717abb454bf08039cc16a09d357ceaaa48fc34dacc06f4c68229e,different,copied,f0b8b3e3c6f6e3fa6a4932177610b2ce7d6f9b3948250e961a128b69b58b017e
HabboCatalogCom,icon_credit_0,HabboCatalogCom_icon_credit_0,HabboCatalogCom_icon_credit_0,565.png,C:\habbo\client\habbo-client-ngh\images\565.png,C:\habbo\client\habbo-client-clean\src\images\HabboCatalogCom_icon_credit_0.png,e51fc28ea81e27f9e3bd8fa960450c8f66095cd4405e48c34a1be1e3de8a9f25,d255ae28b69123135020cb2267618151ebe6900ee7d40fff33cf7e3cf2d0fd0d,different,copied,e51fc28ea81e27f9e3bd8fa960450c8f66095cd4405e48c34a1be1e3de8a9f25
HabboCatalogCom,icon_credit_1,HabboCatalogCom_icon_credit_1,HabboCatalogCom_icon_credit_1,1367.png,C:\habbo\client\habbo-client-ngh\images\1367.png,C:\habbo\client\habbo-client-clean\src\images\HabboCatalogCom_icon_credit_1.png,bb08e489c7228ee5890f67cd846bc42cfc1db95d02651d0b7a3fd57572ae82cf,ccbc81489552a728f6eb38f5734b0f6a21d52f130096741f371aeb280376cb3d,different,copied,bb08e489c7228ee5890f67cd846bc42cfc1db95d02651d0b7a3fd57572ae82cf
HabboCatalogCom,icon_credit_2,HabboCatalogCom_icon_credit_2,HabboCatalogCom_icon_credit_2,1368.png,C:\habbo\client\habbo-client-ngh\images\1368.png,C:\habbo\client\habbo-client-clean\src\images\HabboCatalogCom_icon_credit_2.png,ee12500f1305fd6dcd6efdb3927f489f9e63ed48b95d7efa3cdf647e7ec1a02f,10c223c8bac40a68df4f588c54d6cc6b6042e25e6b336b7af7347df65e9e195c,different,copied,ee12500f1305fd6dcd6efdb3927f489f9e63ed48b95d7efa3cdf647e7ec1a02f
HabboCatalogCom,icon_credit_3,HabboCatalogCom_icon_credit_3,HabboCatalogCom_icon_credit_3,1365.png,C:\habbo\client\habbo-client-ngh\images\1365.png,C:\habbo\client\habbo-client-clean\src\images\HabboCatalogCom_icon_credit_3.png,603a8cc6807175ae08189a8260bfa49d9217c8e7b4e618941a26529b9e4ebaf9,abaeb1284cbb20bbd5ac9cbb8df9f6053bbb5fa316f035d9675a060d1d7bd7fd,different,copied,603a8cc6807175ae08189a8260bfa49d9217c8e7b4e618941a26529b9e4ebaf9
HabboCatalogCom,icon_credit_4,HabboCatalogCom_icon_credit_4,HabboCatalogCom_icon_credit_4,1366.png,C:\habbo\client\habbo-client-ngh\images\1366.png,C:\habbo\client\habbo-client-clean\src\images\HabboCatalogCom_icon_credit_4.png,09349db149364cfd971a707a7cdf0254de5c62740667312f987b322f086da369,e59010e63186d6cdfe87dbac2ad36e829356d68a260428244b137c537cac168f,different,copied,09349db149364cfd971a707a7cdf0254de5c62740667312f987b322f086da369
HabboCatalogCom,icon_credit_5,HabboCatalogCom_icon_credit_5,HabboCatalogCom_icon_credit_5,1120.png,C:\habbo\client\habbo-client-ngh\images\1120.png,C:\habbo\client\habbo-client-clean\src\images\HabboCatalogCom_icon_credit_5.png,a9aae752fc7ce60061904c27f1aa998ab73a676ee01cf9d1462b5c0a826e53c5,5e60f8234972a030d87af45d12b03fc0a0b7803800b6fb176765fc30808dd894,different,copied,a9aae752fc7ce60061904c27f1aa998ab73a676ee01cf9d1462b5c0a826e53c5
HabboCatalogCom,icon_credit_6,HabboCatalogCom_icon_credit_6,HabboCatalogCom_icon_credit_6,1364.png,C:\habbo\client\habbo-client-ngh\images\1364.png,C:\habbo\client\habbo-client-clean\src\images\HabboCatalogCom_icon_credit_6.png,1f4d4d28c98f4f466074a47b048d8e720b385c5c5bd03c4533ee5a8f9d85c06c,6b51473d1ee4018f5a83716ac686812009d2dbd8de9b4d41e1787e8abbd663c4,different,copied,1f4d4d28c98f4f466074a47b048d8e720b385c5c5bd03c4533ee5a8f9d85c06c
HabboCatalogCom,icon_pixel_0,HabboCatalogCom_icon_pixel_0,class_297,323.png,C:\habbo\client\habbo-client-ngh\images\323.png,C:\habbo\client\habbo-client-clean\src\images\HabboCatalogCom_icon_pixel_0.png,b5c6a910e5291ec6550b05ae23acf101509a49ee42ca3f61d2250d2e79101239,18563db8e457828efb7e693468058c8a6b49e4e57aab616c54a65f083708fcb5,different,copied,b5c6a910e5291ec6550b05ae23acf101509a49ee42ca3f61d2250d2e79101239
HabboCatalogCom,icon_shell_0,HabboCatalogCom_icon_shell_0,class_375,1990_class_375.png,C:\habbo\client\habbo-client-ngh\images\1990_class_375.png,C:\habbo\client\habbo-client-clean\src\images\HabboCatalogCom_icon_shell_0.png,e6ac53535cdc8ab0ded64b4772442d436eb91171f38d10767449ec3c8aa665cb,440ee8ad6680f8334b1225294831e7ca120e2f92578154d017359775e3114802,different,copied,e6ac53535cdc8ab0ded64b4772442d436eb91171f38d10767449ec3c8aa665cb
HabboCatalogCom,icon_bg_img_2,HabboCatalogCom_icon_bg_img_2,class_275,1394_class_275.png,C:\habbo\client\habbo-client-ngh\images\1394_class_275.png,C:\habbo\client\habbo-client-clean\src\images\HabboCatalogCom_icon_bg_img_2.png,aa8e13996e1ad651dce6725602b305920d1812f11fd496ae7ea009cc5117d883,c7e6d80516f03fa0090ae172ebcf6c33f57e8da03cdccb95d20b12333c97108f,different,copied,aa8e13996e1ad651dce6725602b305920d1812f11fd496ae7ea009cc5117d883
HabboCatalogCom,icon_bg_img,HabboCatalogCom_icon_bg_img,class_333,846_class_333.png,C:\habbo\client\habbo-client-ngh\images\846_class_333.png,C:\habbo\client\habbo-client-clean\src\images\HabboCatalogCom_icon_bg_img.png,741627232d9313aacef423d0aa2a0a5ae478ffb6549657f4b525213a2328a151,eac5db10fb9ad5fcfdc0a5b1e4aeece58c0e461745e4e581cb8be09a3ebb0d52,different,copied,741627232d9313aacef423d0aa2a0a5ae478ffb6549657f4b525213a2328a151
HabboCatalogCom,icon_duck_vipwhite,HabboCatalogCom_icon_duck_vipwhite,class_238,2011_class_238.png,C:\habbo\client\habbo-client-ngh\images\2011_class_238.png,C:\habbo\client\habbo-client-clean\src\images\HabboCatalogCom_icon_duck_vipwhite.png,a4789d41e6c4b5747026396f0860836c4a385cdd78535b7837849f9fcff3289b,c115ba95c64691fc03d58c1465ce9029e2020bddbeb9d53e09766ca06d874df1,different,copied,a4789d41e6c4b5747026396f0860836c4a385cdd78535b7837849f9fcff3289b
HabboCatalogCom,icon_hc,HabboCatalogCom_icon_hc,class_372,2227_class_372.png,C:\habbo\client\habbo-client-ngh\images\2227_class_372.png,C:\habbo\client\habbo-client-clean\src\images\HabboCatalogCom_icon_hc.png,9b328072d365030e5f3c5164056bd710662604f122a0b98e10812fc1b7895d2a,98749eaebe2f6fb0cf3ffb17ef23cd867e754874cbbac403fedbbaf35cebb57e,different,copied,9b328072d365030e5f3c5164056bd710662604f122a0b98e10812fc1b7895d2a
HabboCatalogCom,thumb_bg,HabboCatalogCom_thumb_bg,class_391,1160.png,C:\habbo\client\habbo-client-ngh\images\1160.png,C:\habbo\client\habbo-client-clean\src\images\HabboCatalogCom_thumb_bg.png,b4cce8c2d8fe10d9f0440602ba681c4df0b214e20cd8c49f6e3b1ebe9b287adc,6595d99eb3db5127b6e8b9343d107dea687a90771d241331dec17852dd456b95,different,copied,b4cce8c2d8fe10d9f0440602ba681c4df0b214e20cd8c49f6e3b1ebe9b287adc
HabboCatalogCom,thumb_bg_selected,HabboCatalogCom_thumb_bg_selected,class_257,1081.png,C:\habbo\client\habbo-client-ngh\images\1081.png,C:\habbo\client\habbo-client-clean\src\images\HabboCatalogCom_thumb_bg_selected.png,618ee3b44fec4d9a93ab15cc22d5e09f8259d029b2988501c223a944dfe62a93,a744180ea75252c723cbab8abb2e9153e512790c76176c920acd25230bdecd98,different,copied,618ee3b44fec4d9a93ab15cc22d5e09f8259d029b2988501c223a944dfe62a93
HabboCatalogCom,club_center_xml,HabboCatalogCom_club_center_xml,class_363,1198_class_363.bin,C:\habbo\client\habbo-client-ngh\binaryData\1198_class_363.bin,C:\habbo\client\habbo-client-clean\src\binaryData\HabboCatalogCom_club_center_xml.bin,7795c681d0908acde2eb8f981d9d8f2a08f06843768cb3ac870688957cdb1fce,71081b5f6cda0b54fddf92f87388f73aee38128f7f3ff47c40e7d10bdd751965,different,copied,7795c681d0908acde2eb8f981d9d8f2a08f06843768cb3ac870688957cdb1fce
HabboCatalogCom,club_center_special_info_xml,HabboCatalogCom_club_center_special_info_xml,class_254,766_class_254.bin,C:\habbo\client\habbo-client-ngh\binaryData\766_class_254.bin,C:\habbo\client\habbo-client-clean\src\binaryData\HabboCatalogCom_club_center_special_info_xml.bin,81817c8d4e326b21744d91d5287373bcfd283ebbbe61a883f8a6f90f8a5738fe,c7eb2f2b54ff488185e20f4b768e254e7dca6c4e3a3f3c43b6ddf076bb7ea3e4,different,copied,81817c8d4e326b21744d91d5287373bcfd283ebbbe61a883f8a6f90f8a5738fe
HabboCatalogCom,club_extend_confirmation,HabboCatalogCom_club_extend_confirmation,class_255,924_class_255.bin,C:\habbo\client\habbo-client-ngh\binaryData\924_class_255.bin,C:\habbo\client\habbo-client-clean\src\binaryData\HabboCatalogCom_club_extend_confirmation.bin,b0a30851b99d23fa65f5e231c0d24c6cc883706c63e6d05d59c2ba9fa4b394b7,829e2b8cee3501fd232bdfec7de77619c3490f19b169dcd48c475f048c220189,different,copied,b0a30851b99d23fa65f5e231c0d24c6cc883706c63e6d05d59c2ba9fa4b394b7
HabboCatalogCom,club_buy_confirmation,HabboCatalogCom_club_buy_confirmation,class_279,1401_class_279.bin,C:\habbo\client\habbo-client-ngh\binaryData\1401_class_279.bin,C:\habbo\client\habbo-client-clean\src\binaryData\HabboCatalogCom_club_buy_confirmation.bin,c053c341ef649049156895bed2f5be64cfc6c921407d7926436b7918867d7bca,43154f877e8b37553e10f77db276df045a1ec80e6c0bd931a8afe65d77bbf986,different,copied,c053c341ef649049156895bed2f5be64cfc6c921407d7926436b7918867d7bca
HabboCatalogCom,club_buy_hc_item,HabboCatalogCom_club_buy_hc_item,class_307,967_class_307.bin,C:\habbo\client\habbo-client-ngh\binaryData\967_class_307.bin,C:\habbo\client\habbo-client-clean\src\binaryData\HabboCatalogCom_club_buy_hc_item.bin,a27cc2f45c66d9e4434c9877550c60220d3f89740c684d63d12700fe060f549b,a27cc2f45c66d9e4434c9877550c60220d3f89740c684d63d12700fe060f549b,identical,identical,a27cc2f45c66d9e4434c9877550c60220d3f89740c684d63d12700fe060f549b
HabboCatalogCom,club_buy_info_item,HabboCatalogCom_club_buy_info_item,class_380,1876_class_380.bin,C:\habbo\client\habbo-client-ngh\binaryData\1876_class_380.bin,C:\habbo\client\habbo-client-clean\src\binaryData\HabboCatalogCom_club_buy_info_item.bin,0d3c7a75b0f99c28e4bcdcd6426804f7d7f67ac061b725d139c7d2fffd18c8f6,0d3c7a75b0f99c28e4bcdcd6426804f7d7f67ac061b725d139c7d2fffd18c8f6,identical,identical,0d3c7a75b0f99c28e4bcdcd6426804f7d7f67ac061b725d139c7d2fffd18c8f6
HabboCatalogCom,club_buy_vip_item,HabboCatalogCom_club_buy_vip_item,class_373,1638_class_373.bin,C:\habbo\client\habbo-client-ngh\binaryData\1638_class_373.bin,C:\habbo\client\habbo-client-clean\src\binaryData\HabboCatalogCom_club_buy_vip_item.bin,58bcabbb577feae2421c2477c9539e153da75a7e13a4122845781ceaad3c749f,58bcabbb577feae2421c2477c9539e153da75a7e13a4122845781ceaad3c749f,identical,identical,58bcabbb577feae2421c2477c9539e153da75a7e13a4122845781ceaad3c749f
HabboCatalogCom,club_buy_vip_upgrade_item,HabboCatalogCom_club_buy_vip_upgrade_item,class_383,1207_class_383.bin,C:\habbo\client\habbo-client-ngh\binaryData\1207_class_383.bin,C:\habbo\client\habbo-client-clean\src\binaryData\HabboCatalogCom_club_buy_vip_upgrade_item.bin,05be3e15e7eb5a69f843b6c2ef6c5d881987c5f5ce9fc955d860450988768f15,05be3e15e7eb5a69f843b6c2ef6c5d881987c5f5ce9fc955d860450988768f15,identical,identical,05be3e15e7eb5a69f843b6c2ef6c5d881987c5f5ce9fc955d860450988768f15
HabboCatalogCom,club_gift_confirmation,HabboCatalogCom_club_gift_confirmation,class_252,2018_class_252.bin,C:\habbo\client\habbo-client-ngh\binaryData\2018_class_252.bin,C:\habbo\client\habbo-client-clean\src\binaryData\HabboCatalogCom_club_gift_confirmation.bin,f4c5c9e540e275cbd9b7c9f91880e9d846074c09d57e1f761aab8ba557bdf640,96eb5e24b7aebf843147273dbeee6fd70d3b2aca55db7e898e95553592fbfefc,different,copied,f4c5c9e540e275cbd9b7c9f91880e9d846074c09d57e1f761aab8ba557bdf640
HabboCatalogCom,club_gift_list_item,HabboCatalogCom_club_gift_list_item,class_356,569_class_356.bin,C:\habbo\client\habbo-client-ngh\binaryData\569_class_356.bin,C:\habbo\client\habbo-client-clean\src\binaryData\HabboCatalogCom_club_gift_list_item.bin,5ea430bedb1aef93c4822131e20e0d65d9380ff2b676a5d13125f8582678650a,5ea430bedb1aef93c4822131e20e0d65d9380ff2b676a5d13125f8582678650a,identical,identical,5ea430bedb1aef93c4822131e20e0d65d9380ff2b676a5d13125f8582678650a
HabboCatalogCom,club_gift_preview,HabboCatalogCom_club_gift_preview,class_306,2418_class_306.bin,C:\habbo\client\habbo-client-ngh\binaryData\2418_class_306.bin,C:\habbo\client\habbo-client-clean\src\binaryData\HabboCatalogCom_club_gift_preview.bin,fe58783c2897f5a50d7d636481a20eb1128356845a6ecfa11f0694726eb4da45,fe58783c2897f5a50d7d636481a20eb1128356845a6ecfa11f0694726eb4da45,identical,identical,fe58783c2897f5a50d7d636481a20eb1128356845a6ecfa11f0694726eb4da45
HabboCatalogCom,vip_buy_item,HabboCatalogCom_vip_buy_item,class_282,475_class_282.bin,C:\habbo\client\habbo-client-ngh\binaryData\475_class_282.bin,C:\habbo\client\habbo-client-clean\src\binaryData\HabboCatalogCom_vip_buy_item.bin,0c84faac6ddba6a71ae79a7c70a6ed1b9c7c535d933a7827e1fab66eb3aa5199,df65e04f7a16c20eca51fa8e0f38c8b22b1eab340fd2bcdf3acdeec104c008af,different,copied,0c84faac6ddba6a71ae79a7c70a6ed1b9c7c535d933a7827e1fab66eb3aa5199
HabboCatalogCom,vip_benefits,HabboCatalogCom_vip_benefits,class_327,2442_class_327.bin,C:\habbo\client\habbo-client-ngh\binaryData\2442_class_327.bin,C:\habbo\client\habbo-client-clean\src\binaryData\HabboCatalogCom_vip_benefits.bin,4b87234980e2fc8759d2e6f82647390d69a1a1f27b30e582aa239bf830ac17e7,abbd60d010733ae3b1d498a56e4582358616f651ce221027a41dedc823c7e7fe,different,copied,4b87234980e2fc8759d2e6f82647390d69a1a1f27b30e582aa239bf830ac17e7
HabboCatalogCom,touchscreen_phone,HabboCatalogCom_touchscreen_phone,class_281,2282_class_281.png,C:\habbo\client\habbo-client-ngh\images\2282_class_281.png,C:\habbo\client\habbo-client-clean\src\images\HabboCatalogCom_touchscreen_phone.png,a8f540eb351060a36b6e2d88434683a20b35c8e23cba1454eaabc69a22949227,bac9f7f48d242cd0149bcd7432ff57bf4ee8f2c3ffed509f8329390169149125,different,copied,a8f540eb351060a36b6e2d88434683a20b35c8e23cba1454eaabc69a22949227
HabboCatalogCom,color_chooser_cell,HabboCatalogCom_color_chooser_cell,class_346,1320.bin,C:\habbo\client\habbo-client-ngh\binaryData\1320.bin,C:\habbo\client\habbo-client-clean\src\binaryData\HabboCatalogCom_color_chooser_cell.bin,fe9140f5ba32c49bcc96e32cd84af385e639931d18c8f658d3f73bda996959d1,fe9140f5ba32c49bcc96e32cd84af385e639931d18c8f658d3f73bda996959d1,identical,identical,fe9140f5ba32c49bcc96e32cd84af385e639931d18c8f658d3f73bda996959d1
HabboCatalogCom,configuration_catalog_spaces,HabboCatalogCom_configuration_catalog_spaces,class_393,424_class_393.bin,C:\habbo\client\habbo-client-ngh\binaryData\424_class_393.bin,C:\habbo\client\habbo-client-clean\src\binaryData\HabboCatalogCom_configuration_catalog_spaces.bin,6198876fa7f1d83c89add35002b17351eb59b52ab5367bd30ccdc60e3f7fe86a,6198876fa7f1d83c89add35002b17351eb59b52ab5367bd30ccdc60e3f7fe86a,identical,identical,6198876fa7f1d83c89add35002b17351eb59b52ab5367bd30ccdc60e3f7fe86a
HabboCatalogCom,gridItem,HabboCatalogCom_gridItem,class_311,2303_class_311.bin,C:\habbo\client\habbo-client-ngh\binaryData\2303_class_311.bin,C:\habbo\client\habbo-client-clean\src\binaryData\HabboCatalogCom_gridItem.bin,dea128e31fb62f2362d4505048b9440a574ec616055d190e9d6fbc06d224615f,dea128e31fb62f2362d4505048b9440a574ec616055d190e9d6fbc06d224615f,identical,identical,dea128e31fb62f2362d4505048b9440a574ec616055d190e9d6fbc06d224615f
HabboCatalogCom,grid_item_with_price_multi,HabboCatalogCom_grid_item_with_price_multi,class_358,1331_class_358.bin,C:\habbo\client\habbo-client-ngh\binaryData\1331_class_358.bin,C:\habbo\client\habbo-client-clean\src\binaryData\HabboCatalogCom_grid_item_with_price_multi.bin,161250f048918e139fc389e68ea9daf799665d20369b66ffc62a354c8a1f01ae,e88865827c65c0dc6a4e96b04a2944a9b2736977b1198d57a9a31c36919df13d,different,copied,161250f048918e139fc389e68ea9daf799665d20369b66ffc62a354c8a1f01ae
HabboCatalogCom,grid_item_with_price_single,HabboCatalogCom_grid_item_with_price_single,class_368,409_class_368.bin,C:\habbo\client\habbo-client-ngh\binaryData\409_class_368.bin,C:\habbo\client\habbo-client-clean\src\binaryData\HabboCatalogCom_grid_item_with_price_single.bin,a3abcc0b08adf96a2fb9bf1547fff677fa3efd2da3b95a4c6e5a0af734c88921,cf4344a3617e42149e684abfe096a8032bf40a74d82de1a514a8d64206260e7b,different,copied,a3abcc0b08adf96a2fb9bf1547fff677fa3efd2da3b95a4c6e5a0af734c88921
HabboCatalogCom,layout_club_buy,HabboCatalogCom_layout_club_buy,class_235,1063_class_235.bin,C:\habbo\client\habbo-client-ngh\binaryData\1063_class_235.bin,C:\habbo\client\habbo-client-clean\src\binaryData\HabboCatalogCom_layout_club_buy.bin,2cb86fb5ba6f129776ec2b2ce860eedc6dcc4f8b6db908e586de2d32f560002d,2cb86fb5ba6f129776ec2b2ce860eedc6dcc4f8b6db908e586de2d32f560002d,identical,identical,2cb86fb5ba6f129776ec2b2ce860eedc6dcc4f8b6db908e586de2d32f560002d
HabboCatalogCom,layout_club_gifts,HabboCatalogCom_layout_club_gifts,class_299,1576_class_299.bin,C:\habbo\client\habbo-client-ngh\binaryData\1576_class_299.bin,C:\habbo\client\habbo-client-clean\src\binaryData\HabboCatalogCom_layout_club_gifts.bin,456d37c590dc256124a9d72a5f9082225404f62a4fdb0e7e5e6337ac4816be6a,456d37c590dc256124a9d72a5f9082225404f62a4fdb0e7e5e6337ac4816be6a,identical,identical,456d37c590dc256124a9d72a5f9082225404f62a4fdb0e7e5e6337ac4816be6a
HabboCatalogCom,layout_default_3x3,HabboCatalogCom_layout_default_3x3,class_310,514_class_310.bin,C:\habbo\client\habbo-client-ngh\binaryData\514_class_310.bin,C:\habbo\client\habbo-client-clean\src\binaryData\HabboCatalogCom_layout_default_3x3.bin,4f6fffafd47e4e61e87bf52ae3f6ab26ff3d8cae78b295296b3a98b575c47e30,5738b8885c0037b7442e96b5e1687523a3f64571003fd2ce7280e45d19bf98a9,different,copied,4f6fffafd47e4e61e87bf52ae3f6ab26ff3d8cae78b295296b3a98b575c47e30
HabboCatalogCom,layout_frontpage4,HabboCatalogCom_layout_frontpage4,class_350,1625_class_350.bin,C:\habbo\client\habbo-client-ngh\binaryData\1625_class_350.bin,C:\habbo\client\habbo-client-clean\src\binaryData\HabboCatalogCom_layout_frontpage4.bin,00bcbb3a1e44e2b11f7506b1ee770be0aa95ba58083d3cf4be404f284785b24d,00bcbb3a1e44e2b11f7506b1ee770be0aa95ba58083d3cf4be404f284785b24d,identical,identical,00bcbb3a1e44e2b11f7506b1ee770be0aa95ba58083d3cf4be404f284785b24d
HabboCatalogCom,layout_frontpage_featured,HabboCatalogCom_layout_frontpage_featured,class_325,1456_class_325.bin,C:\habbo\client\habbo-client-ngh\binaryData\1456_class_325.bin,C:\habbo\client\habbo-client-clean\src\binaryData\HabboCatalogCom_layout_frontpage_featured.bin,52920afb4089ce45fae3bf7d37ceb9120a1d46879e9be7bffec952a65af16625,c828877e41c4ad9e6d5f8e776693628c1a39e25446be5f7e2619a27474b86a77,different,copied,52920afb4089ce45fae3bf7d37ceb9120a1d46879e9be7bffec952a65af16625
HabboCatalogCom,layout_info_rentables,HabboCatalogCom_layout_info_rentables,class_287,2285_class_287.bin,C:\habbo\client\habbo-client-ngh\binaryData\2285_class_287.bin,C:\habbo\client\habbo-client-clean\src\binaryData\HabboCatalogCom_layout_info_rentables.bin,23cd93631b8936bff389c5a32867c15037a1dc227efcada47baaef6aad9cc407,e485a24b3fe46cb5ac07516f5f9c76a02eafa4a401082cdbc9c0028575e0d90e,different,copied,23cd93631b8936bff389c5a32867c15037a1dc227efcada47baaef6aad9cc407
HabboCatalogCom,layout_info_duckets,HabboCatalogCom_layout_info_duckets,class_331,1609_class_331.bin,C:\habbo\client\habbo-client-ngh\binaryData\1609_class_331.bin,C:\habbo\client\habbo-client-clean\src\binaryData\HabboCatalogCom_layout_info_duckets.bin,d37f5cfe136f6fa63020b1ff70cde7e38975d3ccb6c4603cf714b8ec7cfbb096,12cac502dabbec7a722d6d4a6e4f1517135a84ee1ea163b04c5a94df7766dcab,different,copied,d37f5cfe136f6fa63020b1ff70cde7e38975d3ccb6c4603cf714b8ec7cfbb096
HabboCatalogCom,layout_info_loyalty,HabboCatalogCom_layout_info_loyalty,class_364,736_class_364.bin,C:\habbo\client\habbo-client-ngh\binaryData\736_class_364.bin,C:\habbo\client\habbo-client-clean\src\binaryData\HabboCatalogCom_layout_info_loyalty.bin,2a09fddb4c1c92ac68f91022f787b470f9a7577b7de372a13658b2086e3c0834,55cddc3054b74781cf4923e5503aa3d321c5c873e61015f859434c4572c99747,different,copied,2a09fddb4c1c92ac68f91022f787b470f9a7577b7de372a13658b2086e3c0834
HabboCatalogCom,layout_loyalty_vip_buy,HabboCatalogCom_layout_loyalty_vip_buy,class_302,958_class_302.bin,C:\habbo\client\habbo-client-ngh\binaryData\958_class_302.bin,C:\habbo\client\habbo-client-clean\src\binaryData\HabboCatalogCom_layout_loyalty_vip_buy.bin,f784e3e4ef37833c35eefe4e8cee06e25a8e2866e59dc3d6ac533fbcdbaa5c1c,f784e3e4ef37833c35eefe4e8cee06e25a8e2866e59dc3d6ac533fbcdbaa5c1c,identical,identical,f784e3e4ef37833c35eefe4e8cee06e25a8e2866e59dc3d6ac533fbcdbaa5c1c
HabboCatalogCom,layout_monkey,HabboCatalogCom_layout_monkey,class_379,1039_class_379.bin,C:\habbo\client\habbo-client-ngh\binaryData\1039_class_379.bin,C:\habbo\client\habbo-client-clean\src\binaryData\HabboCatalogCom_layout_monkey.bin,0384f0bfd9cee9a0ea8df5c87617e67e37849daef84d43216e3018a25784972f,0384f0bfd9cee9a0ea8df5c87617e67e37849daef84d43216e3018a25784972f,identical,identical,0384f0bfd9cee9a0ea8df5c87617e67e37849daef84d43216e3018a25784972f
HabboCatalogCom,layout_marketplace_own_items,HabboCatalogCom_layout_marketplace_own_items,class_312,1588_class_312.bin,C:\habbo\client\habbo-client-ngh\binaryData\1588_class_312.bin,C:\habbo\client\habbo-client-clean\src\binaryData\HabboCatalogCom_layout_marketplace_own_items.bin,6f8136bde7bc62d9ff54495d17d650a673c48348855a82a4b8e6c3a95117ec56,60f14a46c5bdcbaa8c35a09138541597ce09c1bc334a5411a3dd2bc7dfb5078f,different,copied,6f8136bde7bc62d9ff54495d17d650a673c48348855a82a4b8e6c3a95117ec56
HabboCatalogCom,layout_marketplace,HabboCatalogCom_layout_marketplace,class_261,2265_class_261.bin,C:\habbo\client\habbo-client-ngh\binaryData\2265_class_261.bin,C:\habbo\client\habbo-client-clean\src\binaryData\HabboCatalogCom_layout_marketplace.bin,d8e614284909c9fa7e625acb2c18cd6c7365fbb0dc87398362c27a446be18f47,45c6a7be78c42fd31632983504b659eb463530026b610d53da6f58c0f8a751f7,different,copied,d8e614284909c9fa7e625acb2c18cd6c7365fbb0dc87398362c27a446be18f47
HabboCatalogCom,layout_petcustomization,HabboCatalogCom_layout_petcustomization,class_339,1470_class_339.bin,C:\habbo\client\habbo-client-ngh\binaryData\1470_class_339.bin,C:\habbo\client\habbo-client-clean\src\binaryData\HabboCatalogCom_layout_petcustomization.bin,c21be31173391d07447c7618fcecd8bfee6d3f0e460a02331e9c6c657a6e2c69,c21be31173391d07447c7618fcecd8bfee6d3f0e460a02331e9c6c657a6e2c69,identical,identical,c21be31173391d07447c7618fcecd8bfee6d3f0e460a02331e9c6c657a6e2c69
HabboCatalogCom,layout_pets2,HabboCatalogCom_layout_pets2,HabboCatalogCom_layout_pets2,2107_HabboCatalogCom_layout_pets2.bin,C:\habbo\client\habbo-client-ngh\binaryData\2107_HabboCatalogCom_layout_pets2.bin,C:\habbo\client\habbo-client-clean\src\binaryData\HabboCatalogCom_layout_pets2.bin,00a32b9be11bd618255a36372f807675e6626eb6a35aea96cf5df7331503a39b,38274a4b50bb0f477427204b2637ad91b96beda87529eb08e52d188513f89432,different,copied,00a32b9be11bd618255a36372f807675e6626eb6a35aea96cf5df7331503a39b
HabboCatalogCom,layout_pets3,HabboCatalogCom_layout_pets3,HabboCatalogCom_layout_pets3,2109_HabboCatalogCom_layout_pets3.bin,C:\habbo\client\habbo-client-ngh\binaryData\2109_HabboCatalogCom_layout_pets3.bin,C:\habbo\client\habbo-client-clean\src\binaryData\HabboCatalogCom_layout_pets3.bin,775bac936da7cfb4c902d9a1e3edf256dd604fc5d9356f63a0ee85ae4df33192,e6fd42c3dd0dab7f7940cabd7f49ad4b15d90914349873c5ab69ea8bf0d8f7e8,different,copied,775bac936da7cfb4c902d9a1e3edf256dd604fc5d9356f63a0ee85ae4df33192
HabboCatalogCom,layout_pets,HabboCatalogCom_layout_pets,class_366,2476_class_366.bin,C:\habbo\client\habbo-client-ngh\binaryData\2476_class_366.bin,C:\habbo\client\habbo-client-clean\src\binaryData\HabboCatalogCom_layout_pets.bin,f121b26725e7c18bf787784e4cc8203845d5445f0c0391e614b31e42fdb0e8f3,6d957cc846b850a1e5b0bc6cde637e394b1b7a248ca1c13af7944592da2b4529,different,copied,f121b26725e7c18bf787784e4cc8203845d5445f0c0391e614b31e42fdb0e8f3
HabboCatalogCom,layout_roomads,HabboCatalogCom_layout_roomads,class_277,467_class_277.bin,C:\habbo\client\habbo-client-ngh\binaryData\467_class_277.bin,C:\habbo\client\habbo-client-clean\src\binaryData\HabboCatalogCom_layout_roomads.bin,8a19d5e532c6c0c66c241cbe73b53f5c69315f65f2d249e151f533def1c76431,aa3fe022a4c26d85b4ede1b15f00ab161e5442e2f63ab17a54ee5028b1e5ae58,different,copied,8a19d5e532c6c0c66c241cbe73b53f5c69315f65f2d249e151f533def1c76431
HabboCatalogCom,layout_recycler_info,HabboCatalogCom_layout_recycler_info,class_249,1520_class_249.bin,C:\habbo\client\habbo-client-ngh\binaryData\1520_class_249.bin,C:\habbo\client\habbo-client-clean\src\binaryData\HabboCatalogCom_layout_recycler_info.bin,8fcf9ecd2aeceb687ace3a43109d4c98ee3f27f30b71f2d3132685a2be66ae86,6cd1443a67d165939282f3ebe8240c624657bd0a9e6c7d3ce36059cc71cf9614,different,copied,8fcf9ecd2aeceb687ace3a43109d4c98ee3f27f30b71f2d3132685a2be66ae86
HabboCatalogCom,layout_recycler_prizes,HabboCatalogCom_layout_recycler_prizes,class_292,664_class_292.bin,C:\habbo\client\habbo-client-ngh\binaryData\664_class_292.bin,C:\habbo\client\habbo-client-clean\src\binaryData\HabboCatalogCom_layout_recycler_prizes.bin,ab0d254f1224305c0e1da0a73dba578d3276449cd511926294717d710fe6c3ae,ca1f990c4e1f00aaf7a9bcae44bb2995d7521948f5f9515a405027963fdb819e,different,copied,ab0d254f1224305c0e1da0a73dba578d3276449cd511926294717d710fe6c3ae
HabboCatalogCom,layout_recycler,HabboCatalogCom_layout_recycler,class_342,2324_class_342.bin,C:\habbo\client\habbo-client-ngh\binaryData\2324_class_342.bin,C:\habbo\client\habbo-client-clean\src\binaryData\HabboCatalogCom_layout_recycler.bin,0113fd5bb702692b0fd9659012cf1cf7977b805ee3ac3f60e34694d382744682,cd2b93adb7474321cb8acd01cc2e65b7e71b86116624cb77352e90d4f7b700be,different,copied,0113fd5bb702692b0fd9659012cf1cf7977b805ee3ac3f60e34694d382744682
HabboCatalogCom,layout_soundmachine,HabboCatalogCom_layout_soundmachine,class_308,2179_class_308.bin,C:\habbo\client\habbo-client-ngh\binaryData\2179_class_308.bin,C:\habbo\client\habbo-client-clean\src\binaryData\HabboCatalogCom_layout_soundmachine.bin,ffe14ae3078c5c9af0ec74aa6e403fc03acb0cffbe0f23ba4446b7023b375e60,f608612d12efdfa97ed23de4aa174cb91901479d05f453a09bda488cdb249545,different,copied,ffe14ae3078c5c9af0ec74aa6e403fc03acb0cffbe0f23ba4446b7023b375e60
HabboCatalogCom,layout_spaces_new,HabboCatalogCom_layout_spaces_new,class_270,1236_class_270.bin,C:\habbo\client\habbo-client-ngh\binaryData\1236_class_270.bin,C:\habbo\client\habbo-client-clean\src\binaryData\HabboCatalogCom_layout_spaces_new.bin,996c1292ba7dec532e9f56fa48a32d2fcdd00d1dec6dcd4369f204b72009e863,bcbc34b4b22bf328ad9d7c44a40e474d4f64f7ba4bce916a6e1aba24df41ae25,different,copied,996c1292ba7dec532e9f56fa48a32d2fcdd00d1dec6dcd4369f204b72009e863
HabboCatalogCom,layout_trophies,HabboCatalogCom_layout_trophies,class_392,1882_class_392.bin,C:\habbo\client\habbo-client-ngh\binaryData\1882_class_392.bin,C:\habbo\client\habbo-client-clean\src\binaryData\HabboCatalogCom_layout_trophies.bin,8eed13cfa77213c6731f545b9ce88acb7ae881f9c6a2fad9a9cac273e603b401,c7c46db2c4da1a2108716b2daae12a27af80cda1df319131bf0c86b42036a5c7,different,copied,8eed13cfa77213c6731f545b9ce88acb7ae881f9c6a2fad9a9cac273e603b401
HabboCatalogCom,layout_vip_buy,HabboCatalogCom_layout_vip_buy,class_244,1667_class_244.bin,C:\habbo\client\habbo-client-ngh\binaryData\1667_class_244.bin,C:\habbo\client\habbo-client-clean\src\binaryData\HabboCatalogCom_layout_vip_buy.bin,cdfd044ad9a164001d2763dce8a775411e0ef77e04416d72b00e89816d714aba,5f2ce43adc8326655cb47701cf027e1952b634f03dadb31c154023d631ead124,different,copied,cdfd044ad9a164001d2763dce8a775411e0ef77e04416d72b00e89816d714aba
HabboCatalogCom,layout_guild_custom_furni,HabboCatalogCom_layout_guild_custom_furni,class_390,1354_class_390.bin,C:\habbo\client\habbo-client-ngh\binaryData\1354_class_390.bin,C:\habbo\client\habbo-client-clean\src\binaryData\HabboCatalogCom_layout_guild_custom_furni.bin,fd2100a114b7840b5d61cb55ee12949ad412e3f9305938bae385664eb8cb9c3e,faad14191b9bafb550011528bbd6979e468848681a2e03784e612bb21fbb7092,different,copied,fd2100a114b7840b5d61cb55ee12949ad412e3f9305938bae385664eb8cb9c3e
HabboCatalogCom,layout_guild_frontpage,HabboCatalogCom_layout_guild_frontpage,class_269,930_class_269.bin,C:\habbo\client\habbo-client-ngh\binaryData\930_class_269.bin,C:\habbo\client\habbo-client-clean\src\binaryData\HabboCatalogCom_layout_guild_frontpage.bin,99686eae3a95cd6fdbbb2374fa540049cb531f2bac14753e09db66383100dde9,91219a5c1ed3ea9d025b44756262e6f6ad0868a916cb0873926c05d2875dc045,different,copied,99686eae3a95cd6fdbbb2374fa540049cb531f2bac14753e09db66383100dde9
HabboCatalogCom,layout_guild_forum,HabboCatalogCom_layout_guild_forum,class_344,856_class_344.bin,C:\habbo\client\habbo-client-ngh\binaryData\856_class_344.bin,C:\habbo\client\habbo-client-clean\src\binaryData\HabboCatalogCom_layout_guild_forum.bin,7cd2bdc1668b0bb2231bbbcd75cc1f0b1ce338c0e0ef64037c127699ae46a4f1,790651b877f9ae2480429647d00d537fb9ba44a2b1f9e874ecd0d033750197d3,different,copied,7cd2bdc1668b0bb2231bbbcd75cc1f0b1ce338c0e0ef64037c127699ae46a4f1
HabboCatalogCom,layout_badge_display,HabboCatalogCom_layout_badge_display,class_262,630_class_262.bin,C:\habbo\client\habbo-client-ngh\binaryData\630_class_262.bin,C:\habbo\client\habbo-client-clean\src\binaryData\HabboCatalogCom_layout_badge_display.bin,059b72b9e2fcdddb81e00c6965af455b5e1d15c021cdbc40f0650d1576ec195c,c5f0e514da78e8c17b228fac75d20fc056d2cb866ae049bb0a14f5b8901153c6,different,copied,059b72b9e2fcdddb81e00c6965af455b5e1d15c021cdbc40f0650d1576ec195c
HabboCatalogCom,layout_single_bundle,HabboCatalogCom_layout_single_bundle,class_394,1052_class_394.bin,C:\habbo\client\habbo-client-ngh\binaryData\1052_class_394.bin,C:\habbo\client\habbo-client-clean\src\binaryData\HabboCatalogCom_layout_single_bundle.bin,b41dfadc16a1d591e0c0ef5b2e10e3cf10bfc829cbdd93138d67e8a927df9950,d2d27e2a1704e1148a7dd1bcfb22cb2cffe6038d4f53f0cb309c68cc4cbe623b,different,copied,b41dfadc16a1d591e0c0ef5b2e10e3cf10bfc829cbdd93138d67e8a927df9950
HabboCatalogCom,layout_builders_club_addons,HabboCatalogCom_layout_builders_club_addons,class_247,441_class_247.bin,C:\habbo\client\habbo-client-ngh\binaryData\441_class_247.bin,C:\habbo\client\habbo-client-clean\src\binaryData\HabboCatalogCom_layout_builders_club_addons.bin,f6eb339d67c20008d625a869772bab721a978b9bfa2e7c87e850e910a10e57a1,ad1a42afeae5aaff4fff73f98c97e2df6d7e7d2991655bb1158cff276fec8663,different,copied,f6eb339d67c20008d625a869772bab721a978b9bfa2e7c87e850e910a10e57a1
HabboCatalogCom,layout_builders_club_loyalty,HabboCatalogCom_layout_builders_club_loyalty,class_354,1980_class_354.bin,C:\habbo\client\habbo-client-ngh\binaryData\1980_class_354.bin,C:\habbo\client\habbo-client-clean\src\binaryData\HabboCatalogCom_layout_builders_club_loyalty.bin,1131e87eef87a2805d56f930f489a1efe0ded0f13a15bbc1e4f3972222496050,93051ded0f1e0811f5fe5ed41fbb012eb72d834861225b1b0967b6f835e6ad9a,different,copied,1131e87eef87a2805d56f930f489a1efe0ded0f13a15bbc1e4f3972222496050
HabboCatalogCom,layout_builders_club_frontpage,HabboCatalogCom_layout_builders_club_frontpage,class_328,994_class_328.bin,C:\habbo\client\habbo-client-ngh\binaryData\994_class_328.bin,C:\habbo\client\habbo-client-clean\src\binaryData\HabboCatalogCom_layout_builders_club_frontpage.bin,65ca16d7f7d5b3c71e6ef6f879f303d554446cc291336a5bfd4b40d794e7222c,65ca16d7f7d5b3c71e6ef6f879f303d554446cc291336a5bfd4b40d794e7222c,identical,identical,65ca16d7f7d5b3c71e6ef6f879f303d554446cc291336a5bfd4b40d794e7222c
HabboCatalogCom,old_layout_club_buy,HabboCatalogCom_old_layout_club_buy,class_304,1702_class_304.bin,C:\habbo\client\habbo-client-ngh\binaryData\1702_class_304.bin,C:\habbo\client\habbo-client-clean\src\binaryData\HabboCatalogCom_old_layout_club_buy.bin,637d103b72cc7c2f4231fecc8db10832d5601893d3d8a37c5bf61180de86c107,4bb1d061ff5725b18ea30e64dd56f7b8d68251e589cc2f10e43eb0ab5807e7a2,different,copied,637d103b72cc7c2f4231fecc8db10832d5601893d3d8a37c5bf61180de86c107
HabboCatalogCom,old_layout_club_gifts,HabboCatalogCom_old_layout_club_gifts,class_239,1370_class_239.bin,C:\habbo\client\habbo-client-ngh\binaryData\1370_class_239.bin,C:\habbo\client\habbo-client-clean\src\binaryData\HabboCatalogCom_old_layout_club_gifts.bin,c410159552c0f8309b0fb84922f6ec67c617087a1a8da812a77ed757f6898296,c410159552c0f8309b0fb84922f6ec67c617087a1a8da812a77ed757f6898296,identical,identical,c410159552c0f8309b0fb84922f6ec67c617087a1a8da812a77ed757f6898296
HabboCatalogCom,old_layout_default_3x3,HabboCatalogCom_old_layout_default_3x3,class_376,583_class_376.bin,C:\habbo\client\habbo-client-ngh\binaryData\583_class_376.bin,C:\habbo\client\habbo-client-clean\src\binaryData\HabboCatalogCom_old_layout_default_3x3.bin,805930038c58c7fde4fd239e4bc634de78bd705841ecf5114358be6e18235bd9,4713c3f823edc5c7e213ab7e9a227bb45ae64e4be75df4ad0f11ac97cb3b0cb6,different,copied,805930038c58c7fde4fd239e4bc634de78bd705841ecf5114358be6e18235bd9
HabboCatalogCom,old_layout_frontpage4,HabboCatalogCom_old_layout_frontpage4,class_359,572_class_359.bin,C:\habbo\client\habbo-client-ngh\binaryData\572_class_359.bin,C:\habbo\client\habbo-client-clean\src\binaryData\HabboCatalogCom_old_layout_frontpage4.bin,a2e7a7ff4267995404d112079554af87b4c011ff78790e4f5591d1501f9831b8,a2e7a7ff4267995404d112079554af87b4c011ff78790e4f5591d1501f9831b8,identical,identical,a2e7a7ff4267995404d112079554af87b4c011ff78790e4f5591d1501f9831b8
HabboCatalogCom,old_layout_info_rentables,HabboCatalogCom_old_layout_info_rentables,class_253,1375_class_253.bin,C:\habbo\client\habbo-client-ngh\binaryData\1375_class_253.bin,C:\habbo\client\habbo-client-clean\src\binaryData\HabboCatalogCom_old_layout_info_rentables.bin,2c2b8192a6e645fb5623687d071d704b4bea69367a9cfe7b1c82d3810ed00e12,2c2b8192a6e645fb5623687d071d704b4bea69367a9cfe7b1c82d3810ed00e12,identical,identical,2c2b8192a6e645fb5623687d071d704b4bea69367a9cfe7b1c82d3810ed00e12
HabboCatalogCom,old_layout_info_duckets,HabboCatalogCom_old_layout_info_duckets,class_296,495_class_296.bin,C:\habbo\client\habbo-client-ngh\binaryData\495_class_296.bin,C:\habbo\client\habbo-client-clean\src\binaryData\HabboCatalogCom_old_layout_info_duckets.bin,e5444497d557ba993865b965e5771e6602af47aa2a20d65d5395270b0091b228,cfcc465ecba04a406ab0209e805653399e3947a381284be5ec8e66b2b4bca4c6,different,copied,e5444497d557ba993865b965e5771e6602af47aa2a20d65d5395270b0091b228
HabboCatalogCom,old_layout_info_loyalty,HabboCatalogCom_old_layout_info_loyalty,class_289,1922_class_289.bin,C:\habbo\client\habbo-client-ngh\binaryData\1922_class_289.bin,C:\habbo\client\habbo-client-clean\src\binaryData\HabboCatalogCom_old_layout_info_loyalty.bin,a15af2659b6d47037e857638f71f7ac3320d99d80919da53b22f11fd3ce579fd,6fe7499919c49113c4a8ad8b317b8aa2d35c1e77ef1be7b8a0ef49ab6cc9c15b,different,copied,a15af2659b6d47037e857638f71f7ac3320d99d80919da53b22f11fd3ce579fd
HabboCatalogCom,old_layout_loyalty_vip_buy,HabboCatalogCom_old_layout_loyalty_vip_buy,class_321,1597_class_321.bin,C:\habbo\client\habbo-client-ngh\binaryData\1597_class_321.bin,C:\habbo\client\habbo-client-clean\src\binaryData\HabboCatalogCom_old_layout_loyalty_vip_buy.bin,785df2a7fb82b2f57c3049b9c4df85b771a0fa20e9642b787346afb7559f6a85,785df2a7fb82b2f57c3049b9c4df85b771a0fa20e9642b787346afb7559f6a85,identical,identical,785df2a7fb82b2f57c3049b9c4df85b771a0fa20e9642b787346afb7559f6a85
HabboCatalogCom,old_layout_monkey,HabboCatalogCom_old_layout_monkey,class_260,771_class_260.bin,C:\habbo\client\habbo-client-ngh\binaryData\771_class_260.bin,C:\habbo\client\habbo-client-clean\src\binaryData\HabboCatalogCom_old_layout_monkey.bin,2632a0243ac91ec1da7f0fdea464cdd50df24429c33d1529b38261d117393a27,dfbefc9340bbc043dcb33671062c312e21662af06660cba777d37b03f52d237c,different,copied,2632a0243ac91ec1da7f0fdea464cdd50df24429c33d1529b38261d117393a27
HabboCatalogCom,old_layout_marketplace_own_items,HabboCatalogCom_old_layout_marketplace_own_items,class_338,2212_class_338.bin,C:\habbo\client\habbo-client-ngh\binaryData\2212_class_338.bin,C:\habbo\client\habbo-client-clean\src\binaryData\HabboCatalogCom_old_layout_marketplace_own_items.bin,42ca388f87ffc64fbec52a113fc3f5a37ca37de62f43687bc667a2eb0a77837f,abfa9dc567d070e34a8c44bfc77060610ff382a5387ae1d331c24a9055e8c731,different,copied,42ca388f87ffc64fbec52a113fc3f5a37ca37de62f43687bc667a2eb0a77837f
HabboCatalogCom,old_layout_marketplace,HabboCatalogCom_old_layout_marketplace,class_343,2325_class_343.bin,C:\habbo\client\habbo-client-ngh\binaryData\2325_class_343.bin,C:\habbo\client\habbo-client-clean\src\binaryData\HabboCatalogCom_old_layout_marketplace.bin,cb7eac849c29accad07167ee0d4743e24053eab84a811918c5352608baadc5a6,e409b4304575375e4eda66ed048b8412d7fac43235520ead23d1fa484fe900ad,different,copied,cb7eac849c29accad07167ee0d4743e24053eab84a811918c5352608baadc5a6
HabboCatalogCom,old_layout_petcustomization,HabboCatalogCom_old_layout_petcustomization,class_367,1635_class_367.bin,C:\habbo\client\habbo-client-ngh\binaryData\1635_class_367.bin,C:\habbo\client\habbo-client-clean\src\binaryData\HabboCatalogCom_old_layout_petcustomization.bin,56f37453d270793532f70202ba3df7de9b9d41fcd31399b8c28b6472d3db16d5,56f37453d270793532f70202ba3df7de9b9d41fcd31399b8c28b6472d3db16d5,identical,identical,56f37453d270793532f70202ba3df7de9b9d41fcd31399b8c28b6472d3db16d5
HabboCatalogCom,old_layout_pets2,HabboCatalogCom_old_layout_pets2,HabboCatalogCom_old_layout_pets2,596_HabboCatalogCom_old_layout_pets2.bin,C:\habbo\client\habbo-client-ngh\binaryData\596_HabboCatalogCom_old_layout_pets2.bin,C:\habbo\client\habbo-client-clean\src\binaryData\HabboCatalogCom_old_layout_pets2.bin,0b38e8dd7f1c35b0715bf63ada0b4a975a46c48dfa072fe8ea774cdf43dd78e7,0b38e8dd7f1c35b0715bf63ada0b4a975a46c48dfa072fe8ea774cdf43dd78e7,identical,identical,0b38e8dd7f1c35b0715bf63ada0b4a975a46c48dfa072fe8ea774cdf43dd78e7
HabboCatalogCom,old_layout_pets3,HabboCatalogCom_old_layout_pets3,HabboCatalogCom_old_layout_pets3,594_HabboCatalogCom_old_layout_pets3.bin,C:\habbo\client\habbo-client-ngh\binaryData\594_HabboCatalogCom_old_layout_pets3.bin,C:\habbo\client\habbo-client-clean\src\binaryData\HabboCatalogCom_old_layout_pets3.bin,58bf4888aa5c513267ae995627df9278d027e45dbafbe07b99cadf36e3d44a83,58bf4888aa5c513267ae995627df9278d027e45dbafbe07b99cadf36e3d44a83,identical,identical,58bf4888aa5c513267ae995627df9278d027e45dbafbe07b99cadf36e3d44a83
HabboCatalogCom,old_layout_pets,HabboCatalogCom_old_layout_pets,class_305,2415_class_305.bin,C:\habbo\client\habbo-client-ngh\binaryData\2415_class_305.bin,C:\habbo\client\habbo-client-clean\src\binaryData\HabboCatalogCom_old_layout_pets.bin,d195f0a8abbe6aa9b83a0573cdb817bea48212f9033ae42d79b65d6a06a2c315,49daada52da5a85dc7e33792b0208527595bf480f46ef643da452dcab672acd8,different,copied,d195f0a8abbe6aa9b83a0573cdb817bea48212f9033ae42d79b65d6a06a2c315
HabboCatalogCom,old_layout_roomads,HabboCatalogCom_old_layout_roomads,class_251,760_class_251.bin,C:\habbo\client\habbo-client-ngh\binaryData\760_class_251.bin,C:\habbo\client\habbo-client-clean\src\binaryData\HabboCatalogCom_old_layout_roomads.bin,c8ef2b2cfa87c5831a7aeb176ffcfb8109081e0bd92bac6d671b087a042600ce,feee8fba3094b008243bc52b800ef6fcd3caaaf2fad802998532e89ec9b0391f,different,copied,c8ef2b2cfa87c5831a7aeb176ffcfb8109081e0bd92bac6d671b087a042600ce
HabboCatalogCom,old_layout_recycler_info,HabboCatalogCom_old_layout_recycler_info,class_303,2294_class_303.bin,C:\habbo\client\habbo-client-ngh\binaryData\2294_class_303.bin,C:\habbo\client\habbo-client-clean\src\binaryData\HabboCatalogCom_old_layout_recycler_info.bin,c7f6453edb3ae0629fa666f6e0d3d62cbbe91c3766f5b9cdbc41285810d80206,3f140cbb5c9a9c494a5ef612ecad1abcfb43e706796ddd94a65f31c07a96f684,different,copied,c7f6453edb3ae0629fa666f6e0d3d62cbbe91c3766f5b9cdbc41285810d80206
HabboCatalogCom,old_layout_recycler_prizes,HabboCatalogCom_old_layout_recycler_prizes,class_385,419_class_385.bin,C:\habbo\client\habbo-client-ngh\binaryData\419_class_385.bin,C:\habbo\client\habbo-client-clean\src\binaryData\HabboCatalogCom_old_layout_recycler_prizes.bin,e3b3ef1eaff8eeba8e97e209c3a2f8943f5fa5f3c6716fea54ec84346596dc10,3f3d064f1a58daec77da339496cbc48a663eca95bece8e1188ae05eccfda83fe,different,copied,e3b3ef1eaff8eeba8e97e209c3a2f8943f5fa5f3c6716fea54ec84346596dc10
HabboCatalogCom,old_layout_recycler,HabboCatalogCom_old_layout_recycler,class_315,1836_class_315.bin,C:\habbo\client\habbo-client-ngh\binaryData\1836_class_315.bin,C:\habbo\client\habbo-client-clean\src\binaryData\HabboCatalogCom_old_layout_recycler.bin,d82607a4569ff228b14ed2fc767d9a6017269ad724777938494592e818e655ac,3429aa2710709e54cb40cd8f70d5812f680e8df08ded251de3a07eec53021c9d,different,copied,d82607a4569ff228b14ed2fc767d9a6017269ad724777938494592e818e655ac
HabboCatalogCom,old_layout_soundmachine,HabboCatalogCom_old_layout_soundmachine,class_377,584_class_377.bin,C:\habbo\client\habbo-client-ngh\binaryData\584_class_377.bin,C:\habbo\client\habbo-client-clean\src\binaryData\HabboCatalogCom_old_layout_soundmachine.bin,28071de82c4e4cae91b43d3b4757e4b21ef56c1ab1a1adc73c55e0f280fbc4c1,28071de82c4e4cae91b43d3b4757e4b21ef56c1ab1a1adc73c55e0f280fbc4c1,identical,identical,28071de82c4e4cae91b43d3b4757e4b21ef56c1ab1a1adc73c55e0f280fbc4c1
HabboCatalogCom,old_layout_spaces_new,HabboCatalogCom_old_layout_spaces_new,class_309,683_class_309.bin,C:\habbo\client\habbo-client-ngh\binaryData\683_class_309.bin,C:\habbo\client\habbo-client-clean\src\binaryData\HabboCatalogCom_old_layout_spaces_new.bin,9fd3d11b79b8356b80d1395f87b272a83edce7f614f50c33539528a420cfbeef,9fd3d11b79b8356b80d1395f87b272a83edce7f614f50c33539528a420cfbeef,identical,identical,9fd3d11b79b8356b80d1395f87b272a83edce7f614f50c33539528a420cfbeef
HabboCatalogCom,old_layout_trophies,HabboCatalogCom_old_layout_trophies,class_250,759_class_250.bin,C:\habbo\client\habbo-client-ngh\binaryData\759_class_250.bin,C:\habbo\client\habbo-client-clean\src\binaryData\HabboCatalogCom_old_layout_trophies.bin,4cc3f6d76e1bbef0e6d382a39d55a6d3eb15545906c017401dcd4dd38dc99715,22b62ccaee733a9cebf9aaaa0c1f84996dc8865471d4a55a66d4439589ca11d0,different,copied,4cc3f6d76e1bbef0e6d382a39d55a6d3eb15545906c017401dcd4dd38dc99715
HabboCatalogCom,old_layout_vip_buy,HabboCatalogCom_old_layout_vip_buy,class_361,1484_class_361.bin,C:\habbo\client\habbo-client-ngh\binaryData\1484_class_361.bin,C:\habbo\client\habbo-client-clean\src\binaryData\HabboCatalogCom_old_layout_vip_buy.bin,5225ab4971f254ab72c2eece7d8bf42d099582a2d28fd304357603c6d6caf7fa,c4fdc8295b31b8052286880a14dc2bb907270400c94a2c16092741026e101807,different,copied,5225ab4971f254ab72c2eece7d8bf42d099582a2d28fd304357603c6d6caf7fa
HabboCatalogCom,old_layout_guild_custom_furni,HabboCatalogCom_old_layout_guild_custom_furni,class_233,2250_class_233.bin,C:\habbo\client\habbo-client-ngh\binaryData\2250_class_233.bin,C:\habbo\client\habbo-client-clean\src\binaryData\HabboCatalogCom_old_layout_guild_custom_furni.bin,11313066ae1ab93d23d9acf05d4db2c6e96ef5fa440e091d4709c09ff393765a,11313066ae1ab93d23d9acf05d4db2c6e96ef5fa440e091d4709c09ff393765a,identical,identical,11313066ae1ab93d23d9acf05d4db2c6e96ef5fa440e091d4709c09ff393765a
HabboCatalogCom,old_layout_guild_frontpage,HabboCatalogCom_old_layout_guild_frontpage,class_272,1393_class_272.bin,C:\habbo\client\habbo-client-ngh\binaryData\1393_class_272.bin,C:\habbo\client\habbo-client-clean\src\binaryData\HabboCatalogCom_old_layout_guild_frontpage.bin,4b748a8c31309bcd0d86f0afd9716e2914b110cbb32c5390a488a780faff45ba,31b4612a3ed998bff0f791beaac4eb74900d87aa327fa40d83140d47ab60d736,different,copied,4b748a8c31309bcd0d86f0afd9716e2914b110cbb32c5390a488a780faff45ba
HabboCatalogCom,old_layout_badge_display,HabboCatalogCom_old_layout_badge_display,class_258,1532_class_258.bin,C:\habbo\client\habbo-client-ngh\binaryData\1532_class_258.bin,C:\habbo\client\habbo-client-clean\src\binaryData\HabboCatalogCom_old_layout_badge_display.bin,416a3135a5304827c243c166519c862b00d8f964a8a9b12f6f48907ddc4f1186,bef7d3b28052ec97a14f473f10741d6f13c4b23279acc8376369bed9db307588,different,copied,416a3135a5304827c243c166519c862b00d8f964a8a9b12f6f48907ddc4f1186
HabboCatalogCom,old_layout_single_bundle,HabboCatalogCom_old_layout_single_bundle,class_329,548_class_329.bin,C:\habbo\client\habbo-client-ngh\binaryData\548_class_329.bin,C:\habbo\client\habbo-client-clean\src\binaryData\HabboCatalogCom_old_layout_single_bundle.bin,c873375cc2ca21d5a86f70ebf2552b1531791aef6cd0bb2dd864bf60f4baf5fc,c873375cc2ca21d5a86f70ebf2552b1531791aef6cd0bb2dd864bf60f4baf5fc,identical,identical,c873375cc2ca21d5a86f70ebf2552b1531791aef6cd0bb2dd864bf60f4baf5fc
HabboCatalogCom,habbo_orderinfo_cantbuycredits,HabboCatalogCom_habbo_orderinfo_cantbuycredits,class_353,857_class_353.bin,C:\habbo\client\habbo-client-ngh\binaryData\857_class_353.bin,C:\habbo\client\habbo-client-clean\src\binaryData\HabboCatalogCom_habbo_orderinfo_cantbuycredits.bin,7a921b52904f1f38cbedab9e5e7159822577d73fba5f95d8e8ffc45b26e5e0f9,7a921b52904f1f38cbedab9e5e7159822577d73fba5f95d8e8ffc45b26e5e0f9,identical,identical,7a921b52904f1f38cbedab9e5e7159822577d73fba5f95d8e8ffc45b26e5e0f9
HabboCatalogCom,habbo_orderinfo_dialog,HabboCatalogCom_habbo_orderinfo_dialog,class_341,2323_class_341.bin,C:\habbo\client\habbo-client-ngh\binaryData\2323_class_341.bin,C:\habbo\client\habbo-client-clean\src\binaryData\HabboCatalogCom_habbo_orderinfo_dialog.bin,09010d5fd0391df25cbaca72b1936b8c1c9272d7b5e221454d6abe20dc44327d,09010d5fd0391df25cbaca72b1936b8c1c9272d7b5e221454d6abe20dc44327d,identical,identical,09010d5fd0391df25cbaca72b1936b8c1c9272d7b5e221454d6abe20dc44327d
HabboCatalogCom,habbo_orderinfo_gift_checked,HabboCatalogCom_habbo_orderinfo_gift_checked,class_285,2044_class_285.bin,C:\habbo\client\habbo-client-ngh\binaryData\2044_class_285.bin,C:\habbo\client\habbo-client-clean\src\binaryData\HabboCatalogCom_habbo_orderinfo_gift_checked.bin,55715e499332efee6477a7bfaa2c1649bf67fce05e1358734107f2e98f00c33b,55715e499332efee6477a7bfaa2c1649bf67fce05e1358734107f2e98f00c33b,identical,identical,55715e499332efee6477a7bfaa2c1649bf67fce05e1358734107f2e98f00c33b
HabboCatalogCom,habbo_orderinfo_gift_unchecked,HabboCatalogCom_habbo_orderinfo_gift_unchecked,class_357,570_class_357.bin,C:\habbo\client\habbo-client-ngh\binaryData\570_class_357.bin,C:\habbo\client\habbo-client-clean\src\binaryData\HabboCatalogCom_habbo_orderinfo_gift_unchecked.bin,7aeec3345590916ce0d87698722ec57ba94889ce4d91ab8b751efef5c3706a02,7aeec3345590916ce0d87698722ec57ba94889ce4d91ab8b751efef5c3706a02,identical,identical,7aeec3345590916ce0d87698722ec57ba94889ce4d91ab8b751efef5c3706a02
HabboCatalogCom,habbo_orderinfo_nocredits,HabboCatalogCom_habbo_orderinfo_nocredits,class_324,2081_class_324.bin,C:\habbo\client\habbo-client-ngh\binaryData\2081_class_324.bin,C:\habbo\client\habbo-client-clean\src\binaryData\HabboCatalogCom_habbo_orderinfo_nocredits.bin,d53794a10bac721e510c585fe81c3ae660baef35a5a94f9c0fce6363ac13f4a5,d53794a10bac721e510c585fe81c3ae660baef35a5a94f9c0fce6363ac13f4a5,identical,identical,d53794a10bac721e510c585fe81c3ae660baef35a5a94f9c0fce6363ac13f4a5
HabboCatalogCom,habbo_orderinfo_receiver_suggestion,HabboCatalogCom_habbo_orderinfo_receiver_suggestion,class_389,2116_class_389.bin,C:\habbo\client\habbo-client-ngh\binaryData\2116_class_389.bin,C:\habbo\client\habbo-client-clean\src\binaryData\HabboCatalogCom_habbo_orderinfo_receiver_suggestion.bin,0132031c29b5b67d21760ec7d6fb5befc400120c56d935c245f9fa03801acc2e,0132031c29b5b67d21760ec7d6fb5befc400120c56d935c245f9fa03801acc2e,identical,identical,0132031c29b5b67d21760ec7d6fb5befc400120c56d935c245f9fa03801acc2e
HabboCatalogCom,clubBuyWidget,HabboCatalogCom_clubBuyWidget,class_355,2471_class_355.bin,C:\habbo\client\habbo-client-ngh\binaryData\2471_class_355.bin,C:\habbo\client\habbo-client-clean\src\binaryData\HabboCatalogCom_clubBuyWidget.bin,dcd29fcb968edcdc1d8803f00266c3198e77bf7f6af49e387d36c1a936b6bb9c,dcd29fcb968edcdc1d8803f00266c3198e77bf7f6af49e387d36c1a936b6bb9c,identical,identical,dcd29fcb968edcdc1d8803f00266c3198e77bf7f6af49e387d36c1a936b6bb9c
HabboCatalogCom,clubGiftWidget,HabboCatalogCom_clubGiftWidget,class_374,1344_class_374.bin,C:\habbo\client\habbo-client-ngh\binaryData\1344_class_374.bin,C:\habbo\client\habbo-client-clean\src\binaryData\HabboCatalogCom_clubGiftWidget.bin,b340a53ac24ce5234357050f135424847283cbde6c033e88cebf2ff40d760d23,b340a53ac24ce5234357050f135424847283cbde6c033e88cebf2ff40d760d23,identical,identical,b340a53ac24ce5234357050f135424847283cbde6c033e88cebf2ff40d760d23
HabboCatalogCom,colourGridWidget,HabboCatalogCom_colourGridWidget,class_318,1718_class_318.bin,C:\habbo\client\habbo-client-ngh\binaryData\1718_class_318.bin,C:\habbo\client\habbo-client-clean\src\binaryData\HabboCatalogCom_colourGridWidget.bin,cfe92c3bec24508c5503fdff9f4061318a10b8aeb08aaa76dce0455acc2a5103,f4d17b14f4df93a339040b0afc9a14854ecb1a5cdc78c8a06721f78e5cf7f833,different,copied,cfe92c3bec24508c5503fdff9f4061318a10b8aeb08aaa76dce0455acc2a5103
HabboCatalogCom,itemGridWidget,HabboCatalogCom_itemGridWidget,class_360,1334_class_360.bin,C:\habbo\client\habbo-client-ngh\binaryData\1334_class_360.bin,C:\habbo\client\habbo-client-clean\src\binaryData\HabboCatalogCom_itemGridWidget.bin,8ff7e9e2900fbf9c20e07a14d536deadff8e5f270e89b83b28f0aa3ad383ac9b,7773088c74b2abb1b2654ffc3ef8f58edf7f45de03c12c3cae9728fab699710a,different,copied,8ff7e9e2900fbf9c20e07a14d536deadff8e5f270e89b83b28f0aa3ad383ac9b
HabboCatalogCom,marketPlaceOwnItemsWidget,HabboCatalogCom_marketPlaceOwnItemsWidget,class_320,1300_class_320.bin,C:\habbo\client\habbo-client-ngh\binaryData\1300_class_320.bin,C:\habbo\client\habbo-client-clean\src\binaryData\HabboCatalogCom_marketPlaceOwnItemsWidget.bin,56c1e78d099a90b957f9afa329304b2542b6b826042fe7f276f95682fbed0fc9,44cd6deeaf98aca1926e47abe7a196faddf6c508d10f5457f25d82c5f4ab2c18,different,copied,56c1e78d099a90b957f9afa329304b2542b6b826042fe7f276f95682fbed0fc9
HabboCatalogCom,marketPlaceWidget,HabboCatalogCom_marketPlaceWidget,class_245,1073_class_245.bin,C:\habbo\client\habbo-client-ngh\binaryData\1073_class_245.bin,C:\habbo\client\habbo-client-clean\src\binaryData\HabboCatalogCom_marketPlaceWidget.bin,c6d1ed38b151577b052e5ac1304446490ec7151e4ee2754cf9fdb8c0e5a43992,b45615f083ef31700435de9dbf8570040cef3133938767cec2408df10b77a218,different,copied,c6d1ed38b151577b052e5ac1304446490ec7151e4ee2754cf9fdb8c0e5a43992
HabboCatalogCom,petPreviewWidget,HabboCatalogCom_petPreviewWidget,class_371,1874_class_371.bin,C:\habbo\client\habbo-client-ngh\binaryData\1874_class_371.bin,C:\habbo\client\habbo-client-clean\src\binaryData\HabboCatalogCom_petPreviewWidget.bin,4fe6c6bb4a952087aa8f677c5b49a30326ce005dbdc257971a38b69f7c432d01,4fe6c6bb4a952087aa8f677c5b49a30326ce005dbdc257971a38b69f7c432d01,identical,identical,4fe6c6bb4a952087aa8f677c5b49a30326ce005dbdc257971a38b69f7c432d01
HabboCatalogCom,productViewWidget,HabboCatalogCom_productViewWidget,class_301,1937_class_301.bin,C:\habbo\client\habbo-client-ngh\binaryData\1937_class_301.bin,C:\habbo\client\habbo-client-clean\src\binaryData\HabboCatalogCom_productViewWidget.bin,e766ca4b6092a906ad345fb7b4827fe7390f287a330008143a0768db307e5459,e933fabaf4649eb9d0254e371cc018f47a9115ec417bf5d03563409b01559cff,different,copied,e766ca4b6092a906ad345fb7b4827fe7390f287a330008143a0768db307e5459
HabboCatalogCom,purchaseWidget,HabboCatalogCom_purchaseWidget,class_402,2362_class_402.bin,C:\habbo\client\habbo-client-ngh\binaryData\2362_class_402.bin,C:\habbo\client\habbo-client-clean\src\binaryData\HabboCatalogCom_purchaseWidget.bin,363afe5b8f42d734ed645346c9cc1fa696b90168dd4235674d30aa847b2c334d,4de4178ff8bbd40ec903eb135a8cd5643d977bd9bfc1c88303609395a96cf06c,different,copied,363afe5b8f42d734ed645346c9cc1fa696b90168dd4235674d30aa847b2c334d
HabboCatalogCom,recyclerPrizesWidgetLevelItem,HabboCatalogCom_recyclerPrizesWidgetLevelItem,class_314,1148_class_314.bin,C:\habbo\client\habbo-client-ngh\binaryData\1148_class_314.bin,C:\habbo\client\habbo-client-clean\src\binaryData\HabboCatalogCom_recyclerPrizesWidgetLevelItem.bin,7d9e24b70a742cbc874d75bf20fe7fd98bea6adde938593eae6208a57d2869e9,7d9e24b70a742cbc874d75bf20fe7fd98bea6adde938593eae6208a57d2869e9,identical,identical,7d9e24b70a742cbc874d75bf20fe7fd98bea6adde938593eae6208a57d2869e9
HabboCatalogCom,recyclerWidget,HabboCatalogCom_recyclerWidget,class_236,1066_class_236.bin,C:\habbo\client\habbo-client-ngh\binaryData\1066_class_236.bin,C:\habbo\client\habbo-client-clean\src\binaryData\HabboCatalogCom_recyclerWidget.bin,5d2bdce7bddb7ce2e0cd1dc40fddfd020318504f0dadbbba5810a48d076d6a47,e238999659284270c54e773127cb9e2f16b5be08813a9336290cf1ba3ebea92f,different,copied,5d2bdce7bddb7ce2e0cd1dc40fddfd020318504f0dadbbba5810a48d076d6a47
HabboCatalogCom,redeemItemCodeWidget,HabboCatalogCom_redeemItemCodeWidget,class_378,1346_class_378.bin,C:\habbo\client\habbo-client-ngh\binaryData\1346_class_378.bin,C:\habbo\client\habbo-client-clean\src\binaryData\HabboCatalogCom_redeemItemCodeWidget.bin,1eefe2f10b1802af85415fe5f30db0ff82510c27d0f14ece6eb793308a6fb11a,1eefe2f10b1802af85415fe5f30db0ff82510c27d0f14ece6eb793308a6fb11a,identical,identical,1eefe2f10b1802af85415fe5f30db0ff82510c27d0f14ece6eb793308a6fb11a
HabboCatalogCom,singleViewWidget,HabboCatalogCom_singleViewWidget,class_384,743_class_384.bin,C:\habbo\client\habbo-client-ngh\binaryData\743_class_384.bin,C:\habbo\client\habbo-client-clean\src\binaryData\HabboCatalogCom_singleViewWidget.bin,d3ee9493f759185aa53341765a9532e010bfff9e765829b6e153f8cdbe5ff438,ef7a401224e6cc4172db1ec9c556cd26595f2f2df703250e71b028e708227584,different,copied,d3ee9493f759185aa53341765a9532e010bfff9e765829b6e153f8cdbe5ff438
HabboCatalogCom,specialInfoWidget,HabboCatalogCom_specialInfoWidget,class_240,611_class_240.bin,C:\habbo\client\habbo-client-ngh\binaryData\611_class_240.bin,C:\habbo\client\habbo-client-clean\src\binaryData\HabboCatalogCom_specialInfoWidget.bin,95c1878e94731f82d9bbffb9e1b8b0d58c0c18ec12f6158c9816fd5154f69e55,63837789fea29f0e38798e976ce3c4c53776a1a0fbc08e3004503a3f9ffa4d52,different,copied,95c1878e94731f82d9bbffb9e1b8b0d58c0c18ec12f6158c9816fd5154f69e55
HabboCatalogCom,textInputWidget,HabboCatalogCom_textInputWidget,class_298,2172_class_298.bin,C:\habbo\client\habbo-client-ngh\binaryData\2172_class_298.bin,C:\habbo\client\habbo-client-clean\src\binaryData\HabboCatalogCom_textInputWidget.bin,3c51670a8cae72e9e4e6f292542801d561c88f7c827531efd1196e95fa50965d,3c51670a8cae72e9e4e6f292542801d561c88f7c827531efd1196e95fa50965d,identical,identical,3c51670a8cae72e9e4e6f292542801d561c88f7c827531efd1196e95fa50965d
HabboCatalogCom,traxPreviewWidget,HabboCatalogCom_traxPreviewWidget,class_256,1788_class_256.bin,C:\habbo\client\habbo-client-ngh\binaryData\1788_class_256.bin,C:\habbo\client\habbo-client-clean\src\binaryData\HabboCatalogCom_traxPreviewWidget.bin,68135437f740451d3b16559d3a55dbeea04f310ae4f5b0d5585a10c743dee461,68135437f740451d3b16559d3a55dbeea04f310ae4f5b0d5585a10c743dee461,identical,identical,68135437f740451d3b16559d3a55dbeea04f310ae4f5b0d5585a10c743dee461
HabboCatalogCom,trophyWidget,HabboCatalogCom_trophyWidget,class_388,1999_class_388.bin,C:\habbo\client\habbo-client-ngh\binaryData\1999_class_388.bin,C:\habbo\client\habbo-client-clean\src\binaryData\HabboCatalogCom_trophyWidget.bin,5373cb64c84bf2a074e23bd4588b9e54f1a043a10a6ad946e3363fdf2b11d8b0,9d1d0871847e6976cbdb39bf73e569d0549e5e93ad440027e78cc9ea3604f9ae,different,copied,5373cb64c84bf2a074e23bd4588b9e54f1a043a10a6ad946e3363fdf2b11d8b0
HabboCatalogCom,marketplace_offer_details,HabboCatalogCom_marketplace_offer_details,class_332,1463_class_332.bin,C:\habbo\client\habbo-client-ngh\binaryData\1463_class_332.bin,C:\habbo\client\habbo-client-clean\src\binaryData\HabboCatalogCom_marketplace_offer_details.bin,d5b493ded3c8e3f8916c6fb7817c54d2ac7367ed0b25a2ceae7a6b7f5b55c487,d5b493ded3c8e3f8916c6fb7817c54d2ac7367ed0b25a2ceae7a6b7f5b55c487,identical,identical,d5b493ded3c8e3f8916c6fb7817c54d2ac7367ed0b25a2ceae7a6b7f5b55c487
HabboCatalogCom,marketplace_purchase_confirmation,HabboCatalogCom_marketplace_purchase_confirmation,class_403,1216_class_403.bin,C:\habbo\client\habbo-client-ngh\binaryData\1216_class_403.bin,C:\habbo\client\habbo-client-clean\src\binaryData\HabboCatalogCom_marketplace_purchase_confirmation.bin,a9c96407c921621676525b358177235e103fa2abffbf19ea360317c82a932aa0,5e1e824fe6bf7409ad79938e005eb8cfd4cd1933645d804c09f02187cf1120a6,different,copied,a9c96407c921621676525b358177235e103fa2abffbf19ea360317c82a932aa0
HabboCatalogCom,marketplace_search_advanced,HabboCatalogCom_marketplace_search_advanced,class_243,440_class_243.bin,C:\habbo\client\habbo-client-ngh\binaryData\440_class_243.bin,C:\habbo\client\habbo-client-clean\src\binaryData\HabboCatalogCom_marketplace_search_advanced.bin,39d80d77b9700dac65a3654b5e39c6ca2c8cc6c4ae7aca48777664b35b2b56fc,6c6ddb05559b1b72fe063ce92cae6650f77b913d33155b36b71ca7af83a585f7,different,copied,39d80d77b9700dac65a3654b5e39c6ca2c8cc6c4ae7aca48777664b35b2b56fc
HabboCatalogCom,marketplace_search_simple,HabboCatalogCom_marketplace_search_simple,class_267,2150_class_267.bin,C:\habbo\client\habbo-client-ngh\binaryData\2150_class_267.bin,C:\habbo\client\habbo-client-clean\src\binaryData\HabboCatalogCom_marketplace_search_simple.bin,213a0958065ca1306e1d431a0c205e4d62af7b5c79f92b36b89482535fe6a2c3,6b65bd005e864ee2010a8a100d4bea63e625e8f12ddbbc5fe8bb600f8962a5ae,different,copied,213a0958065ca1306e1d431a0c205e4d62af7b5c79f92b36b89482535fe6a2c3
HabboCatalogCom,gift_palette_item,HabboCatalogCom_gift_palette_item,class_400,600_class_400.bin,C:\habbo\client\habbo-client-ngh\binaryData\600_class_400.bin,C:\habbo\client\habbo-client-clean\src\binaryData\HabboCatalogCom_gift_palette_item.bin,5efc8299faf438fcfcc91aa715f6202bb6ba1c38e67ea34d111208e63d71ac0a,5efc8299faf438fcfcc91aa715f6202bb6ba1c38e67ea34d111208e63d71ac0a,identical,identical,5efc8299faf438fcfcc91aa715f6202bb6ba1c38e67ea34d111208e63d71ac0a
HabboCatalogCom,price_display,HabboCatalogCom_price_display,class_291,311_class_291.bin,C:\habbo\client\habbo-client-ngh\binaryData\311_class_291.bin,C:\habbo\client\habbo-client-clean\src\binaryData\HabboCatalogCom_price_display.bin,f2e30a9e2113af9b886a93e3a0525ec2b69a043344e3dcc7cc0f7540e82f66aa,3d08a616d0f794d565eaccf398a8a754f61563e97f437ab3b21b23ec3ad12248,different,copied,f2e30a9e2113af9b886a93e3a0525ec2b69a043344e3dcc7cc0f7540e82f66aa
HabboCatalogCom,priceDisplayWidget,HabboCatalogCom_priceDisplayWidget,class_293,2287_class_293.bin,C:\habbo\client\habbo-client-ngh\binaryData\2287_class_293.bin,C:\habbo\client\habbo-client-clean\src\binaryData\HabboCatalogCom_priceDisplayWidget.bin,590033db5756dcfe2e498c0ffe39fcef67c0e61efe6d64cf764f93a3c1e41f10,590033db5756dcfe2e498c0ffe39fcef67c0e61efe6d64cf764f93a3c1e41f10,identical,identical,590033db5756dcfe2e498c0ffe39fcef67c0e61efe6d64cf764f93a3c1e41f10
HabboCatalogCom,purchase_confirmation,HabboCatalogCom_purchase_confirmation,class_290,798_class_290.bin,C:\habbo\client\habbo-client-ngh\binaryData\798_class_290.bin,C:\habbo\client\habbo-client-clean\src\binaryData\HabboCatalogCom_purchase_confirmation.bin,8326048cc75cf874e8d557d14fc333d796b8b8ca51f971172da25ae4829d7bf6,445a6d6fcd35b469da445ee005b06e73d761595d54abc062881464801cefbbd0,different,copied,8326048cc75cf874e8d557d14fc333d796b8b8ca51f971172da25ae4829d7bf6
HabboCatalogCom,gift_wrapping,HabboCatalogCom_gift_wrapping,class_323,700_class_323.bin,C:\habbo\client\habbo-client-ngh\binaryData\700_class_323.bin,C:\habbo\client\habbo-client-clean\src\binaryData\HabboCatalogCom_gift_wrapping.bin,8ae7910eb1f4df5cfcec9ff6b7f86c698dc2bff5bc1bf1101ab121801ae30827,9bba121cfd41800872ad51fae857cec7fd341361aabcdf9bb92c5bc5612187c0,different,copied,8ae7910eb1f4df5cfcec9ff6b7f86c698dc2bff5bc1bf1101ab121801ae30827
HabboCatalogCom,gift_incognito,HabboCatalogCom_gift_incognito,class_365,1759.png,C:\habbo\client\habbo-client-ngh\images\1759.png,C:\habbo\client\habbo-client-clean\src\images\HabboCatalogCom_gift_incognito.png,54b1128f55e16ba685ee2efa61361f27a0ba768eefae39640203e15c8103f32d,9d177038374909518413844704ac39513c40b730622fb41af0c46e09872d4945,different,copied,54b1128f55e16ba685ee2efa61361f27a0ba768eefae39640203e15c8103f32d
HabboCatalogCom,suggestion_list_item,HabboCatalogCom_suggestion_list_item,class_382,1350_class_382.bin,C:\habbo\client\habbo-client-ngh\binaryData\1350_class_382.bin,C:\habbo\client\habbo-client-clean\src\binaryData\HabboCatalogCom_suggestion_list_item.bin,91df0650d8f80aac324823a9270b1e1bd9c76eecaf3a5568e356c744df5162bb,bc4d57e7d76e7d277dd23cf304e7a7bb9b17ed8862a8c489c251ff695478a590,different,copied,91df0650d8f80aac324823a9270b1e1bd9c76eecaf3a5568e356c744df5162bb
HabboCatalogCom,suggestion_list_item_new,HabboCatalogCom_suggestion_list_item_new,class_340,851_class_340.bin,C:\habbo\client\habbo-client-ngh\binaryData\851_class_340.bin,C:\habbo\client\habbo-client-clean\src\binaryData\HabboCatalogCom_suggestion_list_item_new.bin,389af80963405d0c7d7eeade4546df757a58fe7f05e514a1d8fcc453ca7e2756,5f3431ef4c9121214e2f6e9d55bf154bf07012afb1268f2b211bb840bbcb6225,different,copied,389af80963405d0c7d7eeade4546df757a58fe7f05e514a1d8fcc453ca7e2756
HabboCatalogCom,spaces,HabboCatalogCom_spaces,class_352,1751_class_352.bin,C:\habbo\client\habbo-client-ngh\binaryData\1751_class_352.bin,C:\habbo\client\habbo-client-clean\src\binaryData\HabboCatalogCom_spaces.bin,02453bf0edaaedbafe733ff549772dd3a0479c7152937119c7b78af8d277abee,02453bf0edaaedbafe733ff549772dd3a0479c7152937119c7b78af8d277abee,identical,identical,02453bf0edaaedbafe733ff549772dd3a0479c7152937119c7b78af8d277abee
HabboCatalogCom,purchaseButtons,HabboCatalogCom_purchaseButtons,class_313,525_class_313.bin,C:\habbo\client\habbo-client-ngh\binaryData\525_class_313.bin,C:\habbo\client\habbo-client-clean\src\binaryData\HabboCatalogCom_purchaseButtons.bin,fdb9ef17a7659ac8962a187b2e5667783689e5cfde842ef9896c0efb12cb0eb8,f082989726a6cffd39c095bea483661e8f1f8907361f05e2a9bb1772737c2898,different,copied,fdb9ef17a7659ac8962a187b2e5667783689e5cfde842ef9896c0efb12cb0eb8
HabboCatalogCom,purchaseWidgetBuyVipStub,HabboCatalogCom_purchaseWidgetBuyVipStub,class_274,644_class_274.bin,C:\habbo\client\habbo-client-ngh\binaryData\644_class_274.bin,C:\habbo\client\habbo-client-clean\src\binaryData\HabboCatalogCom_purchaseWidgetBuyVipStub.bin,8e7ae44c23b6c6ec2b79fe336e7f0fe05a167474e9976c4892d89b25bc04e355,8e7ae44c23b6c6ec2b79fe336e7f0fe05a167474e9976c4892d89b25bc04e355,identical,identical,8e7ae44c23b6c6ec2b79fe336e7f0fe05a167474e9976c4892d89b25bc04e355
HabboCatalogCom,guildSelectorWidget,HabboCatalogCom_guildSelectorWidget,class_259,629_class_259.bin,C:\habbo\client\habbo-client-ngh\binaryData\629_class_259.bin,C:\habbo\client\habbo-client-clean\src\binaryData\HabboCatalogCom_guildSelectorWidget.bin,e39ce4e010ad35bf82ea2d42b808267328780c646db3a63ad5a1c6a7fcdc6a06,74d57c11fd59942962b9e2b67eaf7747536b863449a902d55c870e0d8ff625e7,different,copied,e39ce4e010ad35bf82ea2d42b808267328780c646db3a63ad5a1c6a7fcdc6a06
HabboCatalogCom,guildBadgeViewWidget,HabboCatalogCom_guildBadgeViewWidget,class_288,945_class_288.bin,C:\habbo\client\habbo-client-ngh\binaryData\945_class_288.bin,C:\habbo\client\habbo-client-clean\src\binaryData\HabboCatalogCom_guildBadgeViewWidget.bin,77adab82a9bbcadc5bd3778bd25439a2277d87743626747ee878fe85a7ccd20f,77adab82a9bbcadc5bd3778bd25439a2277d87743626747ee878fe85a7ccd20f,identical,identical,77adab82a9bbcadc5bd3778bd25439a2277d87743626747ee878fe85a7ccd20f
HabboCatalogCom,guild_selector_widget_item,HabboCatalogCom_guild_selector_widget_item,class_397,1653_class_397.bin,C:\habbo\client\habbo-client-ngh\binaryData\1653_class_397.bin,C:\habbo\client\habbo-client-clean\src\binaryData\HabboCatalogCom_guild_selector_widget_item.bin,bcbed96354b8becb99cb757471cd8e55f0997302df64999f9f1e8532b9d98539,bcbed96354b8becb99cb757471cd8e55f0997302df64999f9f1e8532b9d98539,identical,identical,bcbed96354b8becb99cb757471cd8e55f0997302df64999f9f1e8532b9d98539
HabboCatalogCom,club_direct_buy_xml,HabboCatalogCom_club_direct_buy_xml,class_401,2004_class_401.bin,C:\habbo\client\habbo-client-ngh\binaryData\2004_class_401.bin,C:\habbo\client\habbo-client-clean\src\binaryData\HabboCatalogCom_club_direct_buy_xml.bin,6e0a0ba9ae9db94d4d052e177906d80f31b30b4fe20f7c3992d5d11073163f10,7da9376b8727fe31083143c2f7806b462d8e2b908c52fca1933559512153f902,different,copied,6e0a0ba9ae9db94d4d052e177906d80f31b30b4fe20f7c3992d5d11073163f10
HabboCatalogCom,club_direct_buy_success_xml,HabboCatalogCom_club_direct_buy_success_xml,class_351,391_class_351.bin,C:\habbo\client\habbo-client-ngh\binaryData\391_class_351.bin,C:\habbo\client\habbo-client-clean\src\binaryData\HabboCatalogCom_club_direct_buy_success_xml.bin,e4f972a8853cb4becda219475e42c1ff67c36357711c5427e4c0def78585c175,7f8a74404b855b4086730ef208e8c22959b558125e13cb7d501bf508e1ad2c22,different,copied,e4f972a8853cb4becda219475e42c1ff67c36357711c5427e4c0def78585c175
HabboCatalogCom,catalog_icon_badge_included,HabboCatalogCom_catalog_icon_badge_included,class_284,1251_class_284.png,C:\habbo\client\habbo-client-ngh\images\1251_class_284.png,C:\habbo\client\habbo-client-clean\src\images\HabboCatalogCom_catalog_icon_badge_included.png,9f7f8960860a9dee433e0496a5852ba2d6b3da3b4b10ef9607ba385851b2940d,eec1b820a4c0e5bb252625285508bd97e4589bd7b239264f0d9fa2f30f0977e8,different,copied,9f7f8960860a9dee433e0496a5852ba2d6b3da3b4b10ef9607ba385851b2940d
HabboCatalogCom,catalog_icon_ninja_effect_included,HabboCatalogCom_catalog_icon_ninja_effect_included,class_396,893_class_396.png,C:\habbo\client\habbo-client-ngh\images\893_class_396.png,C:\habbo\client\habbo-client-clean\src\images\HabboCatalogCom_catalog_icon_ninja_effect_included.png,cdee3494ba6563d36b902740cc062e0139d523b16a6ca60b9831caa1578076d8,191bb6ba3035d96e8accbfa93b2d348b73d5cfa6270dcf49568a34f114d1918c,different,copied,cdee3494ba6563d36b902740cc062e0139d523b16a6ca60b9831caa1578076d8
HabboCatalogCom,badgeDisplayWidget,HabboCatalogCom_badgeDisplayWidget,class_322,1602_class_322.bin,C:\habbo\client\habbo-client-ngh\binaryData\1602_class_322.bin,C:\habbo\client\habbo-client-clean\src\binaryData\HabboCatalogCom_badgeDisplayWidget.bin,2d8fbc4bd88b4a2cc23479ca76d7d99852b393caaf99dc877f94d5a1dafd2b9f,2d8fbc4bd88b4a2cc23479ca76d7d99852b393caaf99dc877f94d5a1dafd2b9f,identical,identical,2d8fbc4bd88b4a2cc23479ca76d7d99852b393caaf99dc877f94d5a1dafd2b9f
HabboCatalogCom,spinnerWidget,HabboCatalogCom_spinnerWidget,class_399,1509_class_399.bin,C:\habbo\client\habbo-client-ngh\binaryData\1509_class_399.bin,C:\habbo\client\habbo-client-clean\src\binaryData\HabboCatalogCom_spinnerWidget.bin,d8583aea8c632735cbaa6574a1ea4cbd98792e3b8376e89ba3c58a3d4d6442cb,d8583aea8c632735cbaa6574a1ea4cbd98792e3b8376e89ba3c58a3d4d6442cb,identical,identical,d8583aea8c632735cbaa6574a1ea4cbd98792e3b8376e89ba3c58a3d4d6442cb
HabboCatalogCom,catalog_volter,HabboCatalogCom_catalog_volter,class_294,2167_class_294.bin,C:\habbo\client\habbo-client-ngh\binaryData\2167_class_294.bin,C:\habbo\client\habbo-client-clean\src\binaryData\HabboCatalogCom_catalog_volter.bin,8123e71d571c0d409a551f65a1871f7f0aa12f2e47ae4c6ed4cbf7a607bdc9b6,f1e2028f5a89470cf3cd0661fc852b6d615bee50fe5ca2793591417ce135bc91,different,copied,8123e71d571c0d409a551f65a1871f7f0aa12f2e47ae4c6ed4cbf7a607bdc9b6
HabboCatalogCom,catalog_ubuntu,HabboCatalogCom_catalog_ubuntu,class_316,2311_class_316.bin,C:\habbo\client\habbo-client-ngh\binaryData\2311_class_316.bin,C:\habbo\client\habbo-client-clean\src\binaryData\HabboCatalogCom_catalog_ubuntu.bin,acc9ca3a52533d439e45b15a1f9609f4178461be88dfb7d256a1a223a2b74d17,69751133caf6ce77463f0d5138fafa00c686477ffb0bb8b461363ed4d45e7c9c,different,copied,acc9ca3a52533d439e45b15a1f9609f4178461be88dfb7d256a1a223a2b74d17
HabboCatalogCom,catalog_ubuntu_with_tabs,HabboCatalogCom_catalog_ubuntu_with_tabs,class_283,2403_class_283.bin,C:\habbo\client\habbo-client-ngh\binaryData\2403_class_283.bin,C:\habbo\client\habbo-client-clean\src\binaryData\HabboCatalogCom_catalog_ubuntu_with_tabs.bin,3a02e4a34bc17e929cf1fd79120fbbd4308d750dfeef8c1be6e7a31423848a50,624ab13126a4860637b50c7a2c69fb72ef000d9bc39b30acfe338bffc3e831fc,different,copied,3a02e4a34bc17e929cf1fd79120fbbd4308d750dfeef8c1be6e7a31423848a50
HabboCatalogCom,discountPromoItem,HabboCatalogCom_discountPromoItem,class_266,458_class_266.bin,C:\habbo\client\habbo-client-ngh\binaryData\458_class_266.bin,C:\habbo\client\habbo-client-clean\src\binaryData\HabboCatalogCom_discountPromoItem.bin,7b156ba223a39ffd6bdb6b0a8fcfdc731536c091e1bbb69a9dd6fef3b6f32d5f,7b156ba223a39ffd6bdb6b0a8fcfdc731536c091e1bbb69a9dd6fef3b6f32d5f,identical,identical,7b156ba223a39ffd6bdb6b0a8fcfdc731536c091e1bbb69a9dd6fef3b6f32d5f
HabboCatalogCom,discountValueItem,HabboCatalogCom_discountValueItem,class_278,299_class_278.bin,C:\habbo\client\habbo-client-ngh\binaryData\299_class_278.bin,C:\habbo\client\habbo-client-clean\src\binaryData\HabboCatalogCom_discountValueItem.bin,f7a4d5711559f23ba76991e77fccd9d48cb19a2bcc1f2b6c2cbee07844944499,f7a4d5711559f23ba76991e77fccd9d48cb19a2bcc1f2b6c2cbee07844944499,identical,identical,f7a4d5711559f23ba76991e77fccd9d48cb19a2bcc1f2b6c2cbee07844944499
HabboCatalogCom,totalPriceWidget,HabboCatalogCom_totalPriceWidget,class_263,1790_class_263.bin,C:\habbo\client\habbo-client-ngh\binaryData\1790_class_263.bin,C:\habbo\client\habbo-client-clean\src\binaryData\HabboCatalogCom_totalPriceWidget.bin,dd959a24e6a7696dd4211479c89ca70fcad5d6803a089479a8ec3c19ccb56bae,dd959a24e6a7696dd4211479c89ca70fcad5d6803a089479a8ec3c19ccb56bae,identical,identical,dd959a24e6a7696dd4211479c89ca70fcad5d6803a089479a8ec3c19ccb56bae
HabboCatalogCom,bundle_discount_star_sheet,HabboCatalogCom_bundle_discount_star_sheet,class_295,803_class_295.png,C:\habbo\client\habbo-client-ngh\images\803_class_295.png,C:\habbo\client\habbo-client-clean\src\images\HabboCatalogCom_bundle_discount_star_sheet.png,f463327e9d2a133d4cec09dc3c69bfee9a875ef4d4386c349fb733a8381024d3,e9918ea82ebacac670034d5412a86ddb206f56ee155f5e8aee61dfe2da0b4374,different,copied,f463327e9d2a133d4cec09dc3c69bfee9a875ef4d4386c349fb733a8381024d3
HabboCatalogCom,thumb_up,HabboCatalogCom_thumb_up,class_345,1319_class_345.png,C:\habbo\client\habbo-client-ngh\images\1319_class_345.png,C:\habbo\client\habbo-client-clean\src\images\HabboCatalogCom_thumb_up.png,910dfee3fb940bf52ad18ae3b20676417a7623339c4114c49fd73e7fb9dcedd8,d1ede03428474d3a4b81fc4811d49617b060c3b50a074dfbffdab0b7f57882f6,different,copied,910dfee3fb940bf52ad18ae3b20676417a7623339c4114c49fd73e7fb9dcedd8
HabboCatalogCom,bundlesInfoItem,HabboCatalogCom_bundlesInfoItem,class_234,1511_class_234.bin,C:\habbo\client\habbo-client-ngh\binaryData\1511_class_234.bin,C:\habbo\client\habbo-client-clean\src\binaryData\HabboCatalogCom_bundlesInfoItem.bin,996fbffbea1265884852c2a25694c1370c563f34b0907db44d2d9ae51e4fdc9a,996fbffbea1265884852c2a25694c1370c563f34b0907db44d2d9ae51e4fdc9a,identical,identical,996fbffbea1265884852c2a25694c1370c563f34b0907db44d2d9ae51e4fdc9a
HabboCatalogCom,soldLtdItemsWidget,HabboCatalogCom_soldLtdItemsWidget,class_395,1771_class_395.bin,C:\habbo\client\habbo-client-ngh\binaryData\1771_class_395.bin,C:\habbo\client\habbo-client-clean\src\binaryData\HabboCatalogCom_soldLtdItemsWidget.bin,71ec204fb6df72b62ded27abcb7ebaefe7a9753f61f69135b659d7f0c7ee30a8,308a5561845efec66c212a14cd98790bfe9f691dd84ef5ddbc8a310274a0d179,different,copied,71ec204fb6df72b62ded27abcb7ebaefe7a9753f61f69135b659d7f0c7ee30a8
HabboCatalogCom,rent_confirmation,HabboCatalogCom_rent_confirmation,class_348,388_class_348.bin,C:\habbo\client\habbo-client-ngh\binaryData\388_class_348.bin,C:\habbo\client\habbo-client-clean\src\binaryData\HabboCatalogCom_rent_confirmation.bin,a384119cfb8bbfed6ef3e55c4e77d47191370833840f1986c93a8a4682317daf,710fd40af57c17c65025f336a537bc305194a677b1bdb30076a5c4727e152148,different,copied,a384119cfb8bbfed6ef3e55c4e77d47191370833840f1986c93a8a4682317daf
HabboCatalogCom,badgeGridItem,HabboCatalogCom_badgeGridItem,class_362,1190_class_362.bin,C:\habbo\client\habbo-client-ngh\binaryData\1190_class_362.bin,C:\habbo\client\habbo-client-clean\src\binaryData\HabboCatalogCom_badgeGridItem.bin,4a123f0aeb99c580980395604508678da86f9d45101d3d6d3bc4f25ed4990b1d,4a123f0aeb99c580980395604508678da86f9d45101d3d6d3bc4f25ed4990b1d,identical,identical,4a123f0aeb99c580980395604508678da86f9d45101d3d6d3bc4f25ed4990b1d
HabboCatalogCom,activityPointDisplayWidget,HabboCatalogCom_activityPointDisplayWidget,class_387,2000_class_387.bin,C:\habbo\client\habbo-client-ngh\binaryData\2000_class_387.bin,C:\habbo\client\habbo-client-clean\src\binaryData\HabboCatalogCom_activityPointDisplayWidget.bin,ae36e9dc33fef1fbd48bc81e18b327c7859a583eb5c67998767b5c6a00dabfc2,113bdf457fde49e0f8f0bd458f60b3ca15bcfe647ea6889138061abd39faa6b0,different,copied,ae36e9dc33fef1fbd48bc81e18b327c7859a583eb5c67998767b5c6a00dabfc2
HabboCatalogCom,addOnBadgeViewWidget,HabboCatalogCom_addOnBadgeViewWidget,class_349,2214_class_349.bin,C:\habbo\client\habbo-client-ngh\binaryData\2214_class_349.bin,C:\habbo\client\habbo-client-clean\src\binaryData\HabboCatalogCom_addOnBadgeViewWidget.bin,2a164cfea72a390a008b3512f4e883168fdd27a6b9b62dff514f25ba788fa4c9,2a164cfea72a390a008b3512f4e883168fdd27a6b9b62dff514f25ba788fa4c9,identical,identical,2a164cfea72a390a008b3512f4e883168fdd27a6b9b62dff514f25ba788fa4c9
HabboCatalogCom,builderWidget,HabboCatalogCom_builderWidget,class_265,775_class_265.bin,C:\habbo\client\habbo-client-ngh\binaryData\775_class_265.bin,C:\habbo\client\habbo-client-clean\src\binaryData\HabboCatalogCom_builderWidget.bin,675e441218ee255d7b86475bdc1ab81be9a828d689841d30114f26dad3e78d97,675e441218ee255d7b86475bdc1ab81be9a828d689841d30114f26dad3e78d97,identical,identical,675e441218ee255d7b86475bdc1ab81be9a828d689841d30114f26dad3e78d97
HabboCatalogCom,targeted_offer_dialog_xml,HabboCatalogCom_targeted_offer_dialog_xml,class_398,1654_class_398.bin,C:\habbo\client\habbo-client-ngh\binaryData\1654_class_398.bin,C:\habbo\client\habbo-client-clean\src\binaryData\HabboCatalogCom_targeted_offer_dialog_xml.bin,1dce1f57554733efa26d9e3a0f95348e0c688934bead64b324878131ed9d9bc1,e4df4775eed4e920bc12ae0ab17c7b236631703609eb63fdff62752ef0830534,different,copied,1dce1f57554733efa26d9e3a0f95348e0c688934bead64b324878131ed9d9bc1
HabboCatalogCom,targeted_offer_dialog_variation_xml,HabboCatalogCom_targeted_offer_dialog_variation_xml,class_286,655_class_286.bin,C:\habbo\client\habbo-client-ngh\binaryData\655_class_286.bin,C:\habbo\client\habbo-client-clean\src\binaryData\HabboCatalogCom_targeted_offer_dialog_variation_xml.bin,f83eab66c352d95642b87798b3d22b9147d1855b3005939560635e25f0dc446f,a04b474df4e6a52d053f1cafbdd3234c74bc1a5828bc7d17d5c1472a61a0cb9d,different,copied,f83eab66c352d95642b87798b3d22b9147d1855b3005939560635e25f0dc446f
HabboCatalogCom,targeted_offer_minimized_xml,HabboCatalogCom_targeted_offer_minimized_xml,class_330,2203_class_330.bin,C:\habbo\client\habbo-client-ngh\binaryData\2203_class_330.bin,C:\habbo\client\habbo-client-clean\src\binaryData\HabboCatalogCom_targeted_offer_minimized_xml.bin,daff6be22540fb60855770549aee01f18c7c6eb57e7a6b84a7391cf9b4cbdfbc,7d28d6ed7418b8b7265c7764ad23a78755e2262e815edd1e8df40b8610bc8316,different,copied,daff6be22540fb60855770549aee01f18c7c6eb57e7a6b84a7391cf9b4cbdfbc
HabboCatalogCom,targeted_offer_purchase_confirmation_xml,HabboCatalogCom_targeted_offer_purchase_confirmation_xml,class_319,531_class_319.bin,C:\habbo\client\habbo-client-ngh\binaryData\531_class_319.bin,C:\habbo\client\habbo-client-clean\src\binaryData\HabboCatalogCom_targeted_offer_purchase_confirmation_xml.bin,2a2825086a2eb8e48098dd78e74a7cf7cf163ecc6e4d0aaf8965394302de3736,14f3768428f4f07d8179f2fe7b3f75397abcae3d2a34b2188893e01d7c8df6a0,different,copied,2a2825086a2eb8e48098dd78e74a7cf7cf163ecc6e4d0aaf8965394302de3736
HabboCatalogCom,targeted_offer_habbomall_xml,HabboCatalogCom_targeted_offer_habbomall_xml,class_273,296_class_273.bin,C:\habbo\client\habbo-client-ngh\binaryData\296_class_273.bin,C:\habbo\client\habbo-client-clean\src\binaryData\HabboCatalogCom_targeted_offer_habbomall_xml.bin,44285a779a3fa707d151263a27e137577ce121c6516f477db23c4ebb30cd2a7e,bbf785ab42b3a1a1b854a0058370682b5849591a828dae83109f30d8ef822dec,different,copied,44285a779a3fa707d151263a27e137577ce121c6516f477db23c4ebb30cd2a7e
HabboCatalogCom,offer_center_xml,HabboCatalogCom_offer_center_xml,class_242,1895_class_242.bin,C:\habbo\client\habbo-client-ngh\binaryData\1895_class_242.bin,C:\habbo\client\habbo-client-clean\src\binaryData\HabboCatalogCom_offer_center_xml.bin,f6bc8a47a851913fd1f10d9e6d93f02864d78d7d40013e587b0f69e865a474b8,4f126d81d087d55d98bf5076fd21baec8c3c2ce2193b5c939679bc1cdd33fb2c,different,copied,f6bc8a47a851913fd1f10d9e6d93f02864d78d7d40013e587b0f69e865a474b8
HabboNavigatorCom,manifest,HabboNavigatorCom_manifest,class_471,1460_class_471.bin,C:\habbo\client\habbo-client-ngh\binaryData\1460_class_471.bin,C:\habbo\client\habbo-client-clean\src\binaryData\HabboNavigatorCom_manifest.bin,be2ac92c8c3b0e6b0d44c6bbba38f4f362c7e567e7b33eeca8d49595f0f355a4,be2ac92c8c3b0e6b0d44c6bbba38f4f362c7e567e7b33eeca8d49595f0f355a4,identical,identical,be2ac92c8c3b0e6b0d44c6bbba38f4f362c7e567e7b33eeca8d49595f0f355a4
HabboNavigatorCom,arrow_down_white_png,HabboNavigatorCom_arrow_down_white_png,class_495,1124.png,C:\habbo\client\habbo-client-ngh\images\1124.png,C:\habbo\client\habbo-client-clean\src\images\HabboNavigatorCom_arrow_down_white_png.png,c53678625ab8f5023100c0d3b20c35fad900f4c5b759d3a6edccfedc1c7bebe0,c1dcdaf2d6a89f81f8a7a1cd9840c2e81f83760bb2dd4fa907b1b9922a98e4f9,different,copied,c53678625ab8f5023100c0d3b20c35fad900f4c5b759d3a6edccfedc1c7bebe0
HabboNavigatorCom,arrow_right_white_png,HabboNavigatorCom_arrow_right_white_png,class_427,1555.png,C:\habbo\client\habbo-client-ngh\images\1555.png,C:\habbo\client\habbo-client-clean\src\images\HabboNavigatorCom_arrow_right_white_png.png,9fd08d5bf71a9edd918a66e2f2cdf69286667ce650415f19b36cbcc699a45f1c,65f310b7d13c25ecd7167f16c9ac198e068086f084f04a849b7ec1062651daef,different,copied,9fd08d5bf71a9edd918a66e2f2cdf69286667ce650415f19b36cbcc699a45f1c
HabboNavigatorCom,create_room_png,HabboNavigatorCom_create_room_png,class_429,651_class_429.png,C:\habbo\client\habbo-client-ngh\images\651_class_429.png,C:\habbo\client\habbo-client-clean\src\images\HabboNavigatorCom_create_room_png.png,167d2009d963ef1c50ebf397c0bd98ce6f30ce862f10f41fbfad08e9f0ef80e9,38e4b8119ea184934549d0a70c6402707b91c74afd58d2a91740758bf01b6a7a,different,copied,167d2009d963ef1c50ebf397c0bd98ce6f30ce862f10f41fbfad08e9f0ef80e9
HabboNavigatorCom,doormode_doorbell_png,HabboNavigatorCom_doormode_doorbell_png,class_437,1808_class_437.png,C:\habbo\client\habbo-client-ngh\images\1808_class_437.png,C:\habbo\client\habbo-client-clean\src\images\HabboNavigatorCom_doormode_doorbell_png.png,c1dcdf5a98ba54a0d6ec9e0bc59c5c0206ddf7e70f57c3d94cffc0e172dbd90f,388ca36507167fe426698becb836dabff81eb125e3df016d8c924cc0b50cd37d,different,copied,c1dcdf5a98ba54a0d6ec9e0bc59c5c0206ddf7e70f57c3d94cffc0e172dbd90f
HabboNavigatorCom,doormode_doorbell_small_png,HabboNavigatorCom_doormode_doorbell_small_png,class_498,899.png,C:\habbo\client\habbo-client-ngh\images\899.png,C:\habbo\client\habbo-client-clean\src\images\HabboNavigatorCom_doormode_doorbell_small_png.png,4e7fbdec4a324fa44b11dff3b7182b58a09dbd5875842236b58a6667faef0c3d,6bb14d2ae0092b4fe6ece6cc794cc89106fa18687ee125c007a2e26046189bd9,different,copied,4e7fbdec4a324fa44b11dff3b7182b58a09dbd5875842236b58a6667faef0c3d
HabboNavigatorCom,doormode_password_png,HabboNavigatorCom_doormode_password_png,class_448,1949_class_448.png,C:\habbo\client\habbo-client-ngh\images\1949_class_448.png,C:\habbo\client\habbo-client-clean\src\images\HabboNavigatorCom_doormode_password_png.png,f25abb3ccae765dcdf8a831fc21e85c500525d51fb3e5bb92d8e6457b1964fd4,b602aa892dbd17dd01bbb91f184fdbf3d59ccdb0b4f3b823503d083d0c0a39e5,different,copied,f25abb3ccae765dcdf8a831fc21e85c500525d51fb3e5bb92d8e6457b1964fd4
HabboNavigatorCom,doormode_password_small_png,HabboNavigatorCom_doormode_password_small_png,class_414,1006.png,C:\habbo\client\habbo-client-ngh\images\1006.png,C:\habbo\client\habbo-client-clean\src\images\HabboNavigatorCom_doormode_password_small_png.png,7478b2864d0711369cf5cbd4401003fcb9a39c5aea5c94244a419cac6f34f21a,f90bac8a00befb344175e83fc06fe9e4ab4e5beed9b3b808ca78732af01e4fcf,different,copied,7478b2864d0711369cf5cbd4401003fcb9a39c5aea5c94244a419cac6f34f21a
HabboNavigatorCom,doormode_invisible_png,HabboNavigatorCom_doormode_invisible_png,class_434,1564_class_434.png,C:\habbo\client\habbo-client-ngh\images\1564_class_434.png,C:\habbo\client\habbo-client-clean\src\images\HabboNavigatorCom_doormode_invisible_png.png,8eec5bcdef73b587eb172e6004d0a7b1f16cb0668059c5a7d631309a2da77cf1,72584e4c00e8f1007b0d206f22dacb652a20dd12d3ecd980a434ab5de5000399,different,copied,8eec5bcdef73b587eb172e6004d0a7b1f16cb0668059c5a7d631309a2da77cf1
HabboNavigatorCom,doormode_invisible_small_png,HabboNavigatorCom_doormode_invisible_small_png,class_477,462.png,C:\habbo\client\habbo-client-ngh\images\462.png,C:\habbo\client\habbo-client-clean\src\images\HabboNavigatorCom_doormode_invisible_small_png.png,23d5ef3fe4820ea99e4502ebc3234be8a2e083d9d7bd1a66f5d1f50436665454,76e2c263f5fef1041b819c9e318894f85ad8253aa6f9b5b50c18d1a486748ade,different,copied,23d5ef3fe4820ea99e4502ebc3234be8a2e083d9d7bd1a66f5d1f50436665454
HabboNavigatorCom,enter_room_png,HabboNavigatorCom_enter_room_png,class_480,725_class_480.png,C:\habbo\client\habbo-client-ngh\images\725_class_480.png,C:\habbo\client\habbo-client-clean\src\images\HabboNavigatorCom_enter_room_png.png,207f872c4c5bac9fc83ec7ad7b5ed8617e2e4c75c1b425512821fddddb0ff412,f78cfc55c9d3d6a752302a9257bc6bfdcfe3832d0e7c9af5e4dc3ae890159f76,different,copied,207f872c4c5bac9fc83ec7ad7b5ed8617e2e4c75c1b425512821fddddb0ff412
HabboNavigatorCom,enter_room_l_png,HabboNavigatorCom_enter_room_l_png,class_405,1890_class_405.png,C:\habbo\client\habbo-client-ngh\images\1890_class_405.png,C:\habbo\client\habbo-client-clean\src\images\HabboNavigatorCom_enter_room_l_png.png,1b5cd455a82a050af8b68805ec79e559266bd64ca7e181bcb32ac06d2392521a,0b4e1c7a9cb6d0cbccc396259e717edd122c22fac25595ac7cbe1cd3624d3a61,different,copied,1b5cd455a82a050af8b68805ec79e559266bd64ca7e181bcb32ac06d2392521a
HabboNavigatorCom,enter_room_m_png,HabboNavigatorCom_enter_room_m_png,class_428,2275_class_428.png,C:\habbo\client\habbo-client-ngh\images\2275_class_428.png,C:\habbo\client\habbo-client-clean\src\images\HabboNavigatorCom_enter_room_m_png.png,554cffedfeff62b9faae1797142b79a780c1ab05c66917a9f1bf80cc89f7cee4,89d3c399b77243ba367c72880659fa57b43af9be41ac5517ad509802444a3513,different,copied,554cffedfeff62b9faae1797142b79a780c1ab05c66917a9f1bf80cc89f7cee4
HabboNavigatorCom,enter_room_r_png,HabboNavigatorCom_enter_room_r_png,class_466,2439_class_466.png,C:\habbo\client\habbo-client-ngh\images\2439_class_466.png,C:\habbo\client\habbo-client-clean\src\images\HabboNavigatorCom_enter_room_r_png.png,4b574778db946df96c4327836d516fa7dc983ba238ee8c7507f3885b12701777,c77db087bc0aa6c304c11052d964fd4d719d942ba4abc42b3eeed2360996830a,different,copied,4b574778db946df96c4327836d516fa7dc983ba238ee8c7507f3885b12701777
HabboNavigatorCom,enter_room_a_png,HabboNavigatorCom_enter_room_a_png,class_420,1389_class_420.png,C:\habbo\client\habbo-client-ngh\images\1389_class_420.png,C:\habbo\client\habbo-client-clean\src\images\HabboNavigatorCom_enter_room_a_png.png,02b6d4ea7af8826df51e310b56c379b7fa2cf24b5847c5a934bd9e833dafc6cf,b9837049e55d47a08ca0d651fe8dd7a2b57a8238535e07c9e10101733cee8fd4,different,copied,02b6d4ea7af8826df51e310b56c379b7fa2cf24b5847c5a934bd9e833dafc6cf
HabboNavigatorCom,favourite_png,HabboNavigatorCom_favourite_png,class_459,1409.png,C:\habbo\client\habbo-client-ngh\images\1409.png,C:\habbo\client\habbo-client-clean\src\images\HabboNavigatorCom_favourite_png.png,e5795e80b8a7c383302377f7e8c2dc942f60feae8735e3fb191d52c06021106b,f0c3c6c97b3df4c2cc6393303baf930b0a10309a1a31c394a20fe067bf99e3f7,different,copied,e5795e80b8a7c383302377f7e8c2dc942f60feae8735e3fb191d52c06021106b
HabboNavigatorCom,facebook_logo_small_png,HabboNavigatorCom_facebook_logo_small_png,class_435,352.png,C:\habbo\client\habbo-client-ngh\images\352.png,C:\habbo\client\habbo-client-clean\src\images\HabboNavigatorCom_facebook_logo_small_png.png,a7a002f5c463a750a62ecea8ff3be2e7f4b4b4ec07770c4ec34c85dea5cdbe13,2e76934a081dd7b93cf0cb06df26c29699edfa888b35e11096f77e541ec4b101,different,copied,a7a002f5c463a750a62ecea8ff3be2e7f4b4b4ec07770c4ec34c85dea5cdbe13
HabboNavigatorCom,group_base_icon_png,HabboNavigatorCom_group_base_icon_png,class_419,288.png,C:\habbo\client\habbo-client-ngh\images\288.png,C:\habbo\client\habbo-client-clean\src\images\HabboNavigatorCom_group_base_icon_png.png,40b894ebfe9d0336312c9411f6a605b1f45a2b8c38de8995d305336a7b36cb5d,58b1551a36d8212ef95364f0c11eb8c1071c904266be896d48a382fbb52403ab,different,copied,40b894ebfe9d0336312c9411f6a605b1f45a2b8c38de8995d305336a7b36cb5d
HabboNavigatorCom,make_favourite_png,HabboNavigatorCom_make_favourite_png,class_464,704.png,C:\habbo\client\habbo-client-ngh\images\704.png,C:\habbo\client\habbo-client-clean\src\images\HabboNavigatorCom_make_favourite_png.png,ef874dac05400b7e6f5af13b6b04016caae5049e999531fb40a736703a606197,968d83af24dd3b04563b34c48d8e4c736f2e76852f840207ac27e44ef5f7efbf,different,copied,ef874dac05400b7e6f5af13b6b04016caae5049e999531fb40a736703a606197
HabboNavigatorCom,home_png,HabboNavigatorCom_home_png,class_475,2208_class_475.png,C:\habbo\client\habbo-client-ngh\images\2208_class_475.png,C:\habbo\client\habbo-client-clean\src\images\HabboNavigatorCom_home_png.png,5bc59d057fd130dc8f16d767454fe84e437a01e5031bf3ea27832ca3fd7fb2e6,47c1e0fedd0a8753749b9027869be0e4cf0d57b4cc9538e009d0b9bf0ce498d6,different,copied,5bc59d057fd130dc8f16d767454fe84e437a01e5031bf3ea27832ca3fd7fb2e6
HabboNavigatorCom,make_home_png,HabboNavigatorCom_make_home_png,class_455,2074_class_455.png,C:\habbo\client\habbo-client-ngh\images\2074_class_455.png,C:\habbo\client\habbo-client-clean\src\images\HabboNavigatorCom_make_home_png.png,eb1036665a92c7e6153a4b5df157d07563d7f30e206b152c514e136ef8a02b2b,87be61aea7d7d312075c12cdcde094ef5d732f5dac66029d1e8c231ac9eafdf2,different,copied,eb1036665a92c7e6153a4b5df157d07563d7f30e206b152c514e136ef8a02b2b
HabboNavigatorCom,icon_weblink_png,HabboNavigatorCom_icon_weblink_png,class_479,1569.png,C:\habbo\client\habbo-client-ngh\images\1569.png,C:\habbo\client\habbo-client-clean\src\images\HabboNavigatorCom_icon_weblink_png.png,88bea068e737bb6ef4b52e55fd653ca3eb44b9a69826a582632489edde383639,68a275a2f1d55713c829fb55242e23109605ca7f81e1423b31683b89a5d73bfa,different,copied,88bea068e737bb6ef4b52e55fd653ca3eb44b9a69826a582632489edde383639
HabboNavigatorCom,icon_hotelview_png,HabboNavigatorCom_icon_hotelview_png,class_416,286_class_416.png,C:\habbo\client\habbo-client-ngh\images\286_class_416.png,C:\habbo\client\habbo-client-clean\src\images\HabboNavigatorCom_icon_hotelview_png.png,85c6916036cf2b9fe6712cf1bb96b036d5061ee33a7584a22a188817229c0a04,720c614afe098391076a96218777f160456c0c31fca27e722b31fbb6de0652b1,different,copied,85c6916036cf2b9fe6712cf1bb96b036d5061ee33a7584a22a188817229c0a04
HabboNavigatorCom,icon_hotelview_reactive_png,HabboNavigatorCom_icon_hotelview_reactive_png,class_473,1613_class_473.png,C:\habbo\client\habbo-client-ngh\images\1613_class_473.png,C:\habbo\client\habbo-client-clean\src\images\HabboNavigatorCom_icon_hotelview_reactive_png.png,2298229aafd242bc2d1f2d9f1d62d49989652d3818732f92a1567e5a63ad1827,514bd56503caab2752edbd1056e5f5e42afe70c8a0d3445fdcf5c241955248cf,different,copied,2298229aafd242bc2d1f2d9f1d62d49989652d3818732f92a1567e5a63ad1827
HabboNavigatorCom,navi_room_favourite_png,HabboNavigatorCom_navi_room_favourite_png,class_465,539_class_465.png,C:\habbo\client\habbo-client-ngh\images\539_class_465.png,C:\habbo\client\habbo-client-clean\src\images\HabboNavigatorCom_navi_room_favourite_png.png,9f58335e0f3093bec528ff34b712bd47c761c4346ebd46a581086de7a28e595c,429ef88da9827b6f5409c1a5d841fb5ef74167da203c072fa9ed8f1ca34fa073,different,copied,9f58335e0f3093bec528ff34b712bd47c761c4346ebd46a581086de7a28e595c
HabboNavigatorCom,navi_room_friends_png,HabboNavigatorCom_navi_room_friends_png,class_409,758_class_409.png,C:\habbo\client\habbo-client-ngh\images\758_class_409.png,C:\habbo\client\habbo-client-clean\src\images\HabboNavigatorCom_navi_room_friends_png.png,9dfa1abf1cd0080fbef64f7637e0d47d53644005a0a9df339f0b5d44a07f8c13,dba0deedd28f87a05b5b58096065babf8f65932b55adbf6916f2dff33c70b6af,different,copied,9dfa1abf1cd0080fbef64f7637e0d47d53644005a0a9df339f0b5d44a07f8c13
HabboNavigatorCom,navi_room_icon_png,HabboNavigatorCom_navi_room_icon_png,class_450,1953_class_450.png,C:\habbo\client\habbo-client-ngh\images\1953_class_450.png,C:\habbo\client\habbo-client-clean\src\images\HabboNavigatorCom_navi_room_icon_png.png,91276e76f009d4536fce18d49c44b8d81283cb2c5ed1d6210013daa5ae27dba0,85b8397e4746d2e050aec65595d55732b64726a1dfb9418e764ff62b67c774e2,different,copied,91276e76f009d4536fce18d49c44b8d81283cb2c5ed1d6210013daa5ae27dba0
HabboNavigatorCom,navi_room_official_png,HabboNavigatorCom_navi_room_official_png,class_461,1448_class_461.png,C:\habbo\client\habbo-client-ngh\images\1448_class_461.png,C:\habbo\client\habbo-client-clean\src\images\HabboNavigatorCom_navi_room_official_png.png,f6386827a1ab62737915881823b167b8314fe662a2b07db265f5905d9f16b918,47a51ae47483e39deb8a5e190369ebc46f39227c84b4b995890b29fe0d4e70f4,different,copied,f6386827a1ab62737915881823b167b8314fe662a2b07db265f5905d9f16b918
HabboNavigatorCom,navi_room_own_png,HabboNavigatorCom_navi_room_own_png,class_433,1689_class_433.png,C:\habbo\client\habbo-client-ngh\images\1689_class_433.png,C:\habbo\client\habbo-client-clean\src\images\HabboNavigatorCom_navi_room_own_png.png,6fb98c7702ab6892bb3e67b4a3d4c25d7ea5c18c02f973a6b15c373c91b71879,c063d7a83a032b5df427b5b6682cf89c54d348fe68084a47a3a0d1360d7c8847,different,copied,6fb98c7702ab6892bb3e67b4a3d4c25d7ea5c18c02f973a6b15c373c91b71879
HabboNavigatorCom,navi_room_popular_png,HabboNavigatorCom_navi_room_popular_png,class_469,1733_class_469.png,C:\habbo\client\habbo-client-ngh\images\1733_class_469.png,C:\habbo\client\habbo-client-clean\src\images\HabboNavigatorCom_navi_room_popular_png.png,fafb5c8e0190d6c7eb97f5c9279fcc2d27a113bfc8cf2406b39beea3a219278c,44b368865497ed877c2c661d8ad52fe34c79faad3c7cc50eeef29b3030bb2eab,different,copied,fafb5c8e0190d6c7eb97f5c9279fcc2d27a113bfc8cf2406b39beea3a219278c
HabboNavigatorCom,navi_tag_hot_1_png,HabboNavigatorCom_navi_tag_hot_1_png,HabboNavigatorCom_navi_tag_hot_1_png,1817_HabboNavigatorCom_navi_tag_hot_1_png.png,C:\habbo\client\habbo-client-ngh\images\1817_HabboNavigatorCom_navi_tag_hot_1_png.png,C:\habbo\client\habbo-client-clean\src\images\HabboNavigatorCom_navi_tag_hot_1_png.png,9309cd7ae145c16d830844cfffc1b690e538147cdd98271539ee74ee36307f54,a903c76c8ab24c3b0b8250682dee0618f83716c7f476db6b9d098c9bababb457,different,copied,9309cd7ae145c16d830844cfffc1b690e538147cdd98271539ee74ee36307f54
HabboNavigatorCom,navi_tag_hot_2_png,HabboNavigatorCom_navi_tag_hot_2_png,HabboNavigatorCom_navi_tag_hot_2_png,737_HabboNavigatorCom_navi_tag_hot_2_png.png,C:\habbo\client\habbo-client-ngh\images\737_HabboNavigatorCom_navi_tag_hot_2_png.png,C:\habbo\client\habbo-client-clean\src\images\HabboNavigatorCom_navi_tag_hot_2_png.png,6b5c7cb7e8207a164b94415ce2d002d933aaeaa1c0181666fc03b35598938c66,ed26aa295c3672192495275aa4fa12659ad27009260856efa5cc22e3a101fd4f,different,copied,6b5c7cb7e8207a164b94415ce2d002d933aaeaa1c0181666fc03b35598938c66
HabboNavigatorCom,navi_tag_hot_3_png,HabboNavigatorCom_navi_tag_hot_3_png,HabboNavigatorCom_navi_tag_hot_3_png,2231_HabboNavigatorCom_navi_tag_hot_3_png.png,C:\habbo\client\habbo-client-ngh\images\2231_HabboNavigatorCom_navi_tag_hot_3_png.png,C:\habbo\client\habbo-client-clean\src\images\HabboNavigatorCom_navi_tag_hot_3_png.png,4f237b83e6b21f94e2ae659826cc0d3ac97e36d659f662272cf6dc804622e752,fe0e0d9c3ad09a7c4fb909d8ff9130b21ab3bea514e2ed73b381930c9531dcfb,different,copied,4f237b83e6b21f94e2ae659826cc0d3ac97e36d659f662272cf6dc804622e752
HabboNavigatorCom,popup_arrow_down_png,HabboNavigatorCom_popup_arrow_down_png,class_451,2309_class_451.png,C:\habbo\client\habbo-client-ngh\images\2309_class_451.png,C:\habbo\client\habbo-client-clean\src\images\HabboNavigatorCom_popup_arrow_down_png.png,151ad8e52261ae983741589def1067571feb226494eec75ffa6c1bda74bb3207,40429e2a8bcf3fa3e0c0c21cb0f1f75e1019f9d04c4fa5c412185a0b84a0f304,different,copied,151ad8e52261ae983741589def1067571feb226494eec75ffa6c1bda74bb3207
HabboNavigatorCom,popup_arrow_left_png,HabboNavigatorCom_popup_arrow_left_png,class_425,1102.png,C:\habbo\client\habbo-client-ngh\images\1102.png,C:\habbo\client\habbo-client-clean\src\images\HabboNavigatorCom_popup_arrow_left_png.png,4b4392a32618eb00de8624db184f9f24b8143b6ffbb19a114792d234660aca25,fbb08c7cf393915933d82b58faa24b6d30665d05659444923d246ad403907bd4,different,copied,4b4392a32618eb00de8624db184f9f24b8143b6ffbb19a114792d234660aca25
HabboNavigatorCom,popup_arrow_right_png,HabboNavigatorCom_popup_arrow_right_png,class_463,1449.png,C:\habbo\client\habbo-client-ngh\images\1449.png,C:\habbo\client\habbo-client-clean\src\images\HabboNavigatorCom_popup_arrow_right_png.png,80e887777c2256678f7bc6015465044cd9cfddfff1dc5e544ecdc2de13a48860,ebd24b63719d0ddcc11d8cef90dd966e8da3982eb700594e157c5742e14122ee,different,copied,80e887777c2256678f7bc6015465044cd9cfddfff1dc5e544ecdc2de13a48860
HabboNavigatorCom,trading_allowed_png,HabboNavigatorCom_trading_allowed_png,class_467,1452_class_467.png,C:\habbo\client\habbo-client-ngh\images\1452_class_467.png,C:\habbo\client\habbo-client-clean\src\images\HabboNavigatorCom_trading_allowed_png.png,b4d3a0c14583316d73d6d5c33eb8839a6748718f9da820c205f322cee393c034,16b1f8674d54007c621f09427087a5dcee996f9eefa7fd86283619ca1259fb41,different,copied,b4d3a0c14583316d73d6d5c33eb8839a6748718f9da820c205f322cee393c034
HabboNavigatorCom,rico_rnd_m_png,HabboNavigatorCom_rico_rnd_m_png,class_457,1598_class_457.png,C:\habbo\client\habbo-client-ngh\images\1598_class_457.png,C:\habbo\client\habbo-client-clean\src\images\HabboNavigatorCom_rico_rnd_m_png.png,e924a131fd70df2415326b7b60791d2f6423375bcc6417b38929044cc2682fab,cff31505a172e3959a011cbfa574c137e44117496c86977d2a80e26f4358ec0b,different,copied,e924a131fd70df2415326b7b60791d2f6423375bcc6417b38929044cc2682fab
HabboNavigatorCom,rico_rnd_l_png,HabboNavigatorCom_rico_rnd_l_png,class_453,1158_class_453.png,C:\habbo\client\habbo-client-ngh\images\1158_class_453.png,C:\habbo\client\habbo-client-clean\src\images\HabboNavigatorCom_rico_rnd_l_png.png,34d6a2b179fa77fdb112eb2cee0c4d4c5719b17e4ccaed60c22cf50ec7e3a658,36852fe88200ec15c67a9bc64a866d546ff1ab70217a26e60f8b69aecf7ddb9a,different,copied,34d6a2b179fa77fdb112eb2cee0c4d4c5719b17e4ccaed60c22cf50ec7e3a658
HabboNavigatorCom,rico_rnd_l_b_png,HabboNavigatorCom_rico_rnd_l_b_png,class_468,1732_class_468.png,C:\habbo\client\habbo-client-ngh\images\1732_class_468.png,C:\habbo\client\habbo-client-clean\src\images\HabboNavigatorCom_rico_rnd_l_b_png.png,e422f35e671e311a6d9b284840051b70dd244ac870e61c387ebfebd457627725,bde01cbd11f7e732ca841440a230c05d7c9858a3baf7095662e8109f51f77f52,different,copied,e422f35e671e311a6d9b284840051b70dd244ac870e61c387ebfebd457627725
HabboNavigatorCom,rico_rnd_r_png,HabboNavigatorCom_rico_rnd_r_png,class_485,2474_class_485.png,C:\habbo\client\habbo-client-ngh\images\2474_class_485.png,C:\habbo\client\habbo-client-clean\src\images\HabboNavigatorCom_rico_rnd_r_png.png,8551addfdc785316c36127ca1dacda393b3b76639ea1f4f5267efd6a8340d897,bb5af725794c3d8a695d4913b88f93091d1d359d7b417cc84756215ffb276e98,different,copied,8551addfdc785316c36127ca1dacda393b3b76639ea1f4f5267efd6a8340d897
HabboNavigatorCom,rico_rnd_r_b_png,HabboNavigatorCom_rico_rnd_r_b_png,class_440,2411_class_440.png,C:\habbo\client\habbo-client-ngh\images\2411_class_440.png,C:\habbo\client\habbo-client-clean\src\images\HabboNavigatorCom_rico_rnd_r_b_png.png,70ab1f38104e6f116739d9e582ed1e51497154d62bdf0974950cb5ccbeb962e5,d70325ebe5cdc214ec00f9790e33b5730cf97be7e55727540aa51a4562c3c3b6,different,copied,70ab1f38104e6f116739d9e582ed1e51497154d62bdf0974950cb5ccbeb962e5
HabboNavigatorCom,select_arrow_png,HabboNavigatorCom_select_arrow_png,class_456,984_class_456.png,C:\habbo\client\habbo-client-ngh\images\984_class_456.png,C:\habbo\client\habbo-client-clean\src\images\HabboNavigatorCom_select_arrow_png.png,d4d8f9f9ea3a1482a49d55175eaec82cc00f494a970febc918bc9122f557557b,b158a97af0492ff4ed8005bdc883130b0f1c663a753c164e591c4d7e442b33d1,different,copied,d4d8f9f9ea3a1482a49d55175eaec82cc00f494a970febc918bc9122f557557b
HabboNavigatorCom,tag_l_png,HabboNavigatorCom_tag_l_png,class_445,330_class_445.png,C:\habbo\client\habbo-client-ngh\images\330_class_445.png,C:\habbo\client\habbo-client-clean\src\images\HabboNavigatorCom_tag_l_png.png,7926d41ba458da23db258f300e1231baf29e09468ce34d1e7c0ac291a6dc5528,7b9b63bb7341c4c3905db7d273f30994ed35c09081e50fd0d4f6ef553c167c67,different,copied,7926d41ba458da23db258f300e1231baf29e09468ce34d1e7c0ac291a6dc5528
HabboNavigatorCom,tag_m_png,HabboNavigatorCom_tag_m_png,class_446,1291_class_446.png,C:\habbo\client\habbo-client-ngh\images\1291_class_446.png,C:\habbo\client\habbo-client-clean\src\images\HabboNavigatorCom_tag_m_png.png,17a017996d91fa7fb82eb512893e495a25049dba1835016dc9bdec2d8b20540e,0586d0d34d62c313cbe4c4615d1528683b556ff9e923871697d6d7c4a5bc6865,different,copied,17a017996d91fa7fb82eb512893e495a25049dba1835016dc9bdec2d8b20540e
HabboNavigatorCom,tag_r_png,HabboNavigatorCom_tag_r_png,class_462,1164_class_462.png,C:\habbo\client\habbo-client-ngh\images\1164_class_462.png,C:\habbo\client\habbo-client-clean\src\images\HabboNavigatorCom_tag_r_png.png,b7878e1840418ed3419eb97d543f0da293cc12a5a54436489e373b247e8eb4ff,107c9d9200d7e8a96f2a35929d6963aac007df13db659674c2b9aaac67896011,different,copied,b7878e1840418ed3419eb97d543f0da293cc12a5a54436489e373b247e8eb4ff
HabboNavigatorCom,tag_l_reactive_png,HabboNavigatorCom_tag_l_reactive_png,class_493,2120_class_493.png,C:\habbo\client\habbo-client-ngh\images\2120_class_493.png,C:\habbo\client\habbo-client-clean\src\images\HabboNavigatorCom_tag_l_reactive_png.png,6d6f17eba610420b8c70dcc0bb06655515ce2cd462362658d6ce6e9b9954a059,67fd2463964dc104dc23d9a67e28825452e4136994638b1236cd6dc9851e0d8e,different,copied,6d6f17eba610420b8c70dcc0bb06655515ce2cd462362658d6ce6e9b9954a059
HabboNavigatorCom,tag_m_reactive_png,HabboNavigatorCom_tag_m_reactive_png,class_404,1062_class_404.png,C:\habbo\client\habbo-client-ngh\images\1062_class_404.png,C:\habbo\client\habbo-client-clean\src\images\HabboNavigatorCom_tag_m_reactive_png.png,afbf22ebd1d9b1aec871a80605846e74ac2b1265447f950edf09b8182d90c375,0bc25b01c5a0f163402f46081601aee5a26acf202100d73971131182dd5ba2c1,different,copied,afbf22ebd1d9b1aec871a80605846e74ac2b1265447f950edf09b8182d90c375
HabboNavigatorCom,tag_r_reactive_png,HabboNavigatorCom_tag_r_reactive_png,class_438,309_class_438.png,C:\habbo\client\habbo-client-ngh\images\309_class_438.png,C:\habbo\client\habbo-client-clean\src\images\HabboNavigatorCom_tag_r_reactive_png.png,7ec4187ff51688d9dfecb6c9f089b4d07d5894e209a4c6285d127ac293795c5b,4696389064672f9143c52431660b446edf5a35ca58df81098bb53d9506313e69,different,copied,7ec4187ff51688d9dfecb6c9f089b4d07d5894e209a4c6285d127ac293795c5b
HabboNavigatorCom,thumb_up_png,HabboNavigatorCom_thumb_up_png,class_489,885_class_489.png,C:\habbo\client\habbo-client-ngh\images\885_class_489.png,C:\habbo\client\habbo-client-clean\src\images\HabboNavigatorCom_thumb_up_png.png,f7fe4020e8be1e22054ec22aabd699327361dbd167be0f0a3657ec1b91b8fe81,76595235b3aee5edf74183ea35ef3a53557f90e2daed1ee63a605ab7cbac684a,different,copied,f7fe4020e8be1e22054ec22aabd699327361dbd167be0f0a3657ec1b91b8fe81
HabboNavigatorCom,tile_icon_black_png,HabboNavigatorCom_tile_icon_black_png,class_407,2124_class_407.png,C:\habbo\client\habbo-client-ngh\images\2124_class_407.png,C:\habbo\client\habbo-client-clean\src\images\HabboNavigatorCom_tile_icon_black_png.png,53edc7451e69f97048407e5675e88e9ef083e13d7892e62abb989c12667ea153,8f32945844a86a1ff916ec1c8514967721b038ecfe3cac05907bcdf5b5e4bc3e,different,copied,53edc7451e69f97048407e5675e88e9ef083e13d7892e62abb989c12667ea153
HabboNavigatorCom,tile_icon_white_png,HabboNavigatorCom_tile_icon_white_png,class_482,1015_class_482.png,C:\habbo\client\habbo-client-ngh\images\1015_class_482.png,C:\habbo\client\habbo-client-clean\src\images\HabboNavigatorCom_tile_icon_white_png.png,49a1f217a6abe74927887d3bd6d6f4b808114c4960e4993b13a7fe26ad4e25a8,05a1de34972c5e3ff592104a6b0e71d3ff721fcaa619d994354fd0555860ea57,different,copied,49a1f217a6abe74927887d3bd6d6f4b808114c4960e4993b13a7fe26ad4e25a8
HabboNavigatorCom,usercount_fixed_b_png,HabboNavigatorCom_usercount_fixed_b_png,class_484,1985_class_484.png,C:\habbo\client\habbo-client-ngh\images\1985_class_484.png,C:\habbo\client\habbo-client-clean\src\images\HabboNavigatorCom_usercount_fixed_b_png.png,8091e175eff4c56c4ba05b323756750c5427a7ddb3263e64072da2888bec6ed9,06d3e38835c1283338f0b69a10ba7a1f2f3dabdbd3fb35a96995d9ba06cfcd69,different,copied,8091e175eff4c56c4ba05b323756750c5427a7ddb3263e64072da2888bec6ed9
HabboNavigatorCom,usercount_fixed_g_png,HabboNavigatorCom_usercount_fixed_g_png,class_422,640_class_422.png,C:\habbo\client\habbo-client-ngh\images\640_class_422.png,C:\habbo\client\habbo-client-clean\src\images\HabboNavigatorCom_usercount_fixed_g_png.png,fa2e7155155235bc0d760ec592cf74a7483008801ae68d2922aed36dc92a0d44,66c5f9b93dfadc3101d9957a916555e7490cadcb473ac8ba97b7ddf44124809a,different,copied,fa2e7155155235bc0d760ec592cf74a7483008801ae68d2922aed36dc92a0d44
HabboNavigatorCom,usercount_fixed_o_png,HabboNavigatorCom_usercount_fixed_o_png,class_444,329_class_444.png,C:\habbo\client\habbo-client-ngh\images\329_class_444.png,C:\habbo\client\habbo-client-clean\src\images\HabboNavigatorCom_usercount_fixed_o_png.png,46e93bd079ef9b8d466fe12d2d4a4ed5b9d0f766256ae80bdd5fc6dc59419d0c,8714716e2e933a2cb430672df0d199ef7bd78a6e49fa49b9de8aa5609dcc9aae,different,copied,46e93bd079ef9b8d466fe12d2d4a4ed5b9d0f766256ae80bdd5fc6dc59419d0c
HabboNavigatorCom,usercount_fixed_r_png,HabboNavigatorCom_usercount_fixed_r_png,class_499,2246_class_499.png,C:\habbo\client\habbo-client-ngh\images\2246_class_499.png,C:\habbo\client\habbo-client-clean\src\images\HabboNavigatorCom_usercount_fixed_r_png.png,ab4b593b005c6b3195e43501c1133e999faa92f6709dcaaa1ed747a524fe8503,c0dac55d265dfb88a99bb7b3c7d587bf1f82ce2879fb5564862bddac8f3b2651,different,copied,ab4b593b005c6b3195e43501c1133e999faa92f6709dcaaa1ed747a524fe8503
HabboNavigatorCom,usercount_fixed_y_png,HabboNavigatorCom_usercount_fixed_y_png,class_494,1356_class_494.png,C:\habbo\client\habbo-client-ngh\images\1356_class_494.png,C:\habbo\client\habbo-client-clean\src\images\HabboNavigatorCom_usercount_fixed_y_png.png,62f6a07f3d4e0b506953335f31e11de6a38e7df26fda1f2fef9b770f35ae3118,995e3425ad8974b48333bedb64807e06630a120a0dd17bf52c31d97d8bda1bbb,different,copied,62f6a07f3d4e0b506953335f31e11de6a38e7df26fda1f2fef9b770f35ae3118
HabboNavigatorCom,remove_rights_png,HabboNavigatorCom_remove_rights_png,class_470,2090_class_470.png,C:\habbo\client\habbo-client-ngh\images\2090_class_470.png,C:\habbo\client\habbo-client-clean\src\images\HabboNavigatorCom_remove_rights_png.png,6b58daa5959c220ed1a764fcc22fd393f7ad371f67f09b8341019e8bd13ba279,8c875efcfbf3347679bc86877e88653ac5c6e8cecd5be4cf33a4b03a5192fe3a,different,copied,6b58daa5959c220ed1a764fcc22fd393f7ad371f67f09b8341019e8bd13ba279
HabboNavigatorCom,grs_front_page_search_big_xml,HabboNavigatorCom_grs_front_page_search_big_xml,class_492,2491_class_492.bin,C:\habbo\client\habbo-client-ngh\binaryData\2491_class_492.bin,C:\habbo\client\habbo-client-clean\src\binaryData\HabboNavigatorCom_grs_front_page_search_big_xml.bin,f4e407b2941244792973d7e37a343e1d0bf60d1ae32abb55c5367bc043aa96f0,f4e407b2941244792973d7e37a343e1d0bf60d1ae32abb55c5367bc043aa96f0,identical,identical,f4e407b2941244792973d7e37a343e1d0bf60d1ae32abb55c5367bc043aa96f0
HabboNavigatorCom,grs_front_page_search_small_xml,HabboNavigatorCom_grs_front_page_search_small_xml,class_481,401_class_481.bin,C:\habbo\client\habbo-client-ngh\binaryData\401_class_481.bin,C:\habbo\client\habbo-client-clean\src\binaryData\HabboNavigatorCom_grs_front_page_search_small_xml.bin,8f3f8cceecb806510eea575794b4867c0e2cf33970423ca0b0fefd58c6c37907,8f3f8cceecb806510eea575794b4867c0e2cf33970423ca0b0fefd58c6c37907,identical,identical,8f3f8cceecb806510eea575794b4867c0e2cf33970423ca0b0fefd58c6c37907
HabboNavigatorCom,grs_guest_room_details_short_xml,HabboNavigatorCom_grs_guest_room_details_short_xml,class_426,646_class_426.bin,C:\habbo\client\habbo-client-ngh\binaryData\646_class_426.bin,C:\habbo\client\habbo-client-clean\src\binaryData\HabboNavigatorCom_grs_guest_room_details_short_xml.bin,ae1420b73e4268c20b0ff79b979345e4ebff676c064cb6d69c4b7bd16e88a534,7c9e967b20e6d297b2dacb60e01f92c0b09831348d3dde16276568079ca51c1e,different,copied,ae1420b73e4268c20b0ff79b979345e4ebff676c064cb6d69c4b7bd16e88a534
HabboNavigatorCom,grs_guest_room_details_phase_one_xml,HabboNavigatorCom_grs_guest_room_details_phase_one_xml,class_487,741_class_487.bin,C:\habbo\client\habbo-client-ngh\binaryData\741_class_487.bin,C:\habbo\client\habbo-client-clean\src\binaryData\HabboNavigatorCom_grs_guest_room_details_phase_one_xml.bin,baefa927a3b5329e1786e65fa3917a82d788173625c98925f31fc665c44b761b,baefa927a3b5329e1786e65fa3917a82d788173625c98925f31fc665c44b761b,identical,identical,baefa927a3b5329e1786e65fa3917a82d788173625c98925f31fc665c44b761b
HabboNavigatorCom,grs_guest_room_details_long_xml,HabboNavigatorCom_grs_guest_room_details_long_xml,class_486,1339_class_486.bin,C:\habbo\client\habbo-client-ngh\binaryData\1339_class_486.bin,C:\habbo\client\habbo-client-clean\src\binaryData\HabboNavigatorCom_grs_guest_room_details_long_xml.bin,253ca1ed57489348704de8083cfc21fa6c461ddd9857b0e7684331d26edc677a,20cd1a3d49e770877ba3d01ec31b31d2eeafd5dc096b753d908c86e20a598646,different,copied,253ca1ed57489348704de8083cfc21fa6c461ddd9857b0e7684331d26edc677a
HabboNavigatorCom,grs_guest_room_thumbnail_xml,HabboNavigatorCom_grs_guest_room_thumbnail_xml,class_496,2364_class_496.bin,C:\habbo\client\habbo-client-ngh\binaryData\2364_class_496.bin,C:\habbo\client\habbo-client-clean\src\binaryData\HabboNavigatorCom_grs_guest_room_thumbnail_xml.bin,ca9214352900f35c325da4a8355406c88bf9235342f46e4455b3d13113794c13,ca9214352900f35c325da4a8355406c88bf9235342f46e4455b3d13113794c13,identical,identical,ca9214352900f35c325da4a8355406c88bf9235342f46e4455b3d13113794c13
HabboNavigatorCom,grs_room_ads_details_short_xml,HabboNavigatorCom_grs_room_ads_details_short_xml,class_454,1302_class_454.bin,C:\habbo\client\habbo-client-ngh\binaryData\1302_class_454.bin,C:\habbo\client\habbo-client-clean\src\binaryData\HabboNavigatorCom_grs_room_ads_details_short_xml.bin,ba4696202ce11132c81311ebea429a43c4f7847bbeebfa89d1c49045b12de3bf,8f349eaca5ec544643c1c3401509c4d3def6667dc9cc28f3eafa3e1586893630,different,copied,ba4696202ce11132c81311ebea429a43c4f7847bbeebfa89d1c49045b12de3bf
HabboNavigatorCom,grs_room_ads_details_phase_one_xml,HabboNavigatorCom_grs_room_ads_details_phase_one_xml,class_424,1099_class_424.bin,C:\habbo\client\habbo-client-ngh\binaryData\1099_class_424.bin,C:\habbo\client\habbo-client-clean\src\binaryData\HabboNavigatorCom_grs_room_ads_details_phase_one_xml.bin,a40d256633547a27ad59d53b69aa37e1a9999a69e2b89232c8de337da7d249d4,a40d256633547a27ad59d53b69aa37e1a9999a69e2b89232c8de337da7d249d4,identical,identical,a40d256633547a27ad59d53b69aa37e1a9999a69e2b89232c8de337da7d249d4
HabboNavigatorCom,grs_hot_room_details_xml,HabboNavigatorCom_grs_hot_room_details_xml,class_483,1870_class_483.bin,C:\habbo\client\habbo-client-ngh\binaryData\1870_class_483.bin,C:\habbo\client\habbo-client-clean\src\binaryData\HabboNavigatorCom_grs_hot_room_details_xml.bin,2b526f881ffd796036492d6432ef063e9c20702274a70941c30421f7437950c9,2b526f881ffd796036492d6432ef063e9c20702274a70941c30421f7437950c9,identical,identical,2b526f881ffd796036492d6432ef063e9c20702274a70941c30421f7437950c9
HabboNavigatorCom,grs_main_window_xml,HabboNavigatorCom_grs_main_window_xml,class_432,1561_class_432.bin,C:\habbo\client\habbo-client-ngh\binaryData\1561_class_432.bin,C:\habbo\client\habbo-client-clean\src\binaryData\HabboNavigatorCom_grs_main_window_xml.bin,1086907ef1bcd6db428778ad213cf36aab96ca4d559027bccbdaa5359e417d7b,ece79f280560b0648b7abd037a5e37a6843e661d37cdfb0543ed2dca7cccd105,different,copied,1086907ef1bcd6db428778ad213cf36aab96ca4d559027bccbdaa5359e417d7b
HabboNavigatorCom,grs_main_window_new_xml,HabboNavigatorCom_grs_main_window_new_xml,class_488,1765_class_488.bin,C:\habbo\client\habbo-client-ngh\binaryData\1765_class_488.bin,C:\habbo\client\habbo-client-clean\src\binaryData\HabboNavigatorCom_grs_main_window_new_xml.bin,6e21aec8ad8eec6b1b3fdc9b586c73513b2717a8a3ec2583f2594e6593edbbb4,d62aad5a1c02cb182d7756e5a9440ab89df80f2529f82732ad46aee368aafee9,different,copied,6e21aec8ad8eec6b1b3fdc9b586c73513b2717a8a3ec2583f2594e6593edbbb4
HabboNavigatorCom,grs_official_room_row_xml,HabboNavigatorCom_grs_official_room_row_xml,class_491,1885_class_491.bin,C:\habbo\client\habbo-client-ngh\binaryData\1885_class_491.bin,C:\habbo\client\habbo-client-clean\src\binaryData\HabboNavigatorCom_grs_official_room_row_xml.bin,10066fe1a0a989f904449586a929b8e7ffa4f6cd135172736b3125e2258641d7,10066fe1a0a989f904449586a929b8e7ffa4f6cd135172736b3125e2258641d7,identical,identical,10066fe1a0a989f904449586a929b8e7ffa4f6cd135172736b3125e2258641d7
HabboNavigatorCom,grs_official_room_row_phase_one_xml,HabboNavigatorCom_grs_official_room_row_phase_one_xml,class_447,1432_class_447.bin,C:\habbo\client\habbo-client-ngh\binaryData\1432_class_447.bin,C:\habbo\client\habbo-client-clean\src\binaryData\HabboNavigatorCom_grs_official_room_row_phase_one_xml.bin,374777a3145efed86014579a1680f0c62cc178d0715963bc2c932d3c2a4d19eb,374777a3145efed86014579a1680f0c62cc178d0715963bc2c932d3c2a4d19eb,identical,identical,374777a3145efed86014579a1680f0c62cc178d0715963bc2c932d3c2a4d19eb
HabboNavigatorCom,grs_popular_tag_row_xml,HabboNavigatorCom_grs_popular_tag_row_xml,class_415,2266_class_415.bin,C:\habbo\client\habbo-client-ngh\binaryData\2266_class_415.bin,C:\habbo\client\habbo-client-clean\src\binaryData\HabboNavigatorCom_grs_popular_tag_row_xml.bin,1ce78c1f5deae4718f8fb9dfe928d979c72540bba070474331eed1daef31dccd,1ce78c1f5deae4718f8fb9dfe928d979c72540bba070474331eed1daef31dccd,identical,identical,1ce78c1f5deae4718f8fb9dfe928d979c72540bba070474331eed1daef31dccd
HabboNavigatorCom,grs_promoted_room_category_xml,HabboNavigatorCom_grs_promoted_room_category_xml,class_439,2409_class_439.bin,C:\habbo\client\habbo-client-ngh\binaryData\2409_class_439.bin,C:\habbo\client\habbo-client-clean\src\binaryData\HabboNavigatorCom_grs_promoted_room_category_xml.bin,02497d0f3ccac04455801357717991996615ef0403dc7cb57fb3478f54d44355,c77a6a3e6298cf0d80ad4326b978ff486a39ebe20066c8f44a65e401966e9d57,different,copied,02497d0f3ccac04455801357717991996615ef0403dc7cb57fb3478f54d44355
HabboNavigatorCom,grs_category_selector_xml,HabboNavigatorCom_grs_category_selector_xml,class_474,848_class_474.bin,C:\habbo\client\habbo-client-ngh\binaryData\848_class_474.bin,C:\habbo\client\habbo-client-clean\src\binaryData\HabboNavigatorCom_grs_category_selector_xml.bin,29520c54c9a14ca6e2f54d8aebbfa3e221bde15114e74dd489f19c8d2cb148aa,4a59fc448c2abf939ea99f41e2e62df1dfa79c1c310f05a298565d04fb90a17d,different,copied,29520c54c9a14ca6e2f54d8aebbfa3e221bde15114e74dd489f19c8d2cb148aa
HabboNavigatorCom,grs_usercount_xml,HabboNavigatorCom_grs_usercount_xml,class_423,1910_class_423.bin,C:\habbo\client\habbo-client-ngh\binaryData\1910_class_423.bin,C:\habbo\client\habbo-client-clean\src\binaryData\HabboNavigatorCom_grs_usercount_xml.bin,00d21bbbde5a44d0898a207dbdd068c045c90153baa2d386e017166d7e9c53c3,00d21bbbde5a44d0898a207dbdd068c045c90153baa2d386e017166d7e9c53c3,identical,identical,00d21bbbde5a44d0898a207dbdd068c045c90153baa2d386e017166d7e9c53c3
HabboNavigatorCom,nav_error_popup_xml,HabboNavigatorCom_nav_error_popup_xml,class_413,1229_class_413.bin,C:\habbo\client\habbo-client-ngh\binaryData\1229_class_413.bin,C:\habbo\client\habbo-client-clean\src\binaryData\HabboNavigatorCom_nav_error_popup_xml.bin,6ddf39798b55f9943e119898491b2593ec7a6fac11b1915bf53ce6f96c9d6cce,6ddf39798b55f9943e119898491b2593ec7a6fac11b1915bf53ce6f96c9d6cce,identical,identical,6ddf39798b55f9943e119898491b2593ec7a6fac11b1915bf53ce6f96c9d6cce
HabboNavigatorCom,nav_simple_alert_xml,HabboNavigatorCom_nav_simple_alert_xml,class_430,1802_class_430.bin,C:\habbo\client\habbo-client-ngh\binaryData\1802_class_430.bin,C:\habbo\client\habbo-client-clean\src\binaryData\HabboNavigatorCom_nav_simple_alert_xml.bin,39948e9bd726efd3d1ce81f1586ed4098595e6471ae510915e1eebf236b01245,c567897c574d2e81630932ea15539e1de2359a14599ff680b19eb1b3a881d714,different,copied,39948e9bd726efd3d1ce81f1586ed4098595e6471ae510915e1eebf236b01245
HabboNavigatorCom,nav_promo_alert_xml,HabboNavigatorCom_nav_promo_alert_xml,class_431,1557_class_431.bin,C:\habbo\client\habbo-client-ngh\binaryData\1557_class_431.bin,C:\habbo\client\habbo-client-clean\src\binaryData\HabboNavigatorCom_nav_promo_alert_xml.bin,b68d0a8310714053e3f68b7ab1e4e86ce7dd207d70cbd16a700357f5ec2cbe69,c5be3a29fbaef0d644a46513ace5d114b485640284067aaadbdb95b4a2fa864c,different,copied,b68d0a8310714053e3f68b7ab1e4e86ce7dd207d70cbd16a700357f5ec2cbe69
HabboNavigatorCom,iro_event_settings_xml,HabboNavigatorCom_iro_event_settings_xml,class_412,2141_class_412.bin,C:\habbo\client\habbo-client-ngh\binaryData\2141_class_412.bin,C:\habbo\client\habbo-client-clean\src\binaryData\HabboNavigatorCom_iro_event_settings_xml.bin,fdf413f906fe6813a90a665d7aa00f41b7c1fb99b29acf2edce2c0d1c6a8b86b,76a8be0b9a713d457590c99ead2664e09d4b577ba3831b8dd599e95b1cf07453,different,copied,fdf413f906fe6813a90a665d7aa00f41b7c1fb99b29acf2edce2c0d1c6a8b86b
HabboNavigatorCom,iro_event_info_xml,HabboNavigatorCom_iro_event_info_xml,class_411,280_class_411.bin,C:\habbo\client\habbo-client-ngh\binaryData\280_class_411.bin,C:\habbo\client\habbo-client-clean\src\binaryData\HabboNavigatorCom_iro_event_info_xml.bin,a37e6d830e241666a6a67f188d320a26a8d03202f43159bcf0469f6312dd92ff,8eb1751f6ba2a1be54f92205061ea7e08a1ca6642bdcf3e54cf40b1480cceae3,different,copied,a37e6d830e241666a6a67f188d320a26a8d03202f43159bcf0469f6312dd92ff
HabboNavigatorCom,iro_room_details_framed_xml,HabboNavigatorCom_iro_room_details_framed_xml,class_478,1478_class_478.bin,C:\habbo\client\habbo-client-ngh\binaryData\1478_class_478.bin,C:\habbo\client\habbo-client-clean\src\binaryData\HabboNavigatorCom_iro_room_details_framed_xml.bin,02e0ee127a6ae4cd98f0bbac1023ccba65cd019eeb7aff1c3294a8014519f704,1f228f3d8e028679cfc4c412a4214625b1c5487ae36786c778388d8b17eec343,different,copied,02e0ee127a6ae4cd98f0bbac1023ccba65cd019eeb7aff1c3294a8014519f704
HabboNavigatorCom,iro_room_filter_framed_xml,HabboNavigatorCom_iro_room_filter_framed_xml,class_406,1069_class_406.bin,C:\habbo\client\habbo-client-ngh\binaryData\1069_class_406.bin,C:\habbo\client\habbo-client-clean\src\binaryData\HabboNavigatorCom_iro_room_filter_framed_xml.bin,76306146154e5aae0492ab38d2853378c849d008f33f5db9b53bc3c66ae87e5a,a8d75deda2c07b3c833f68b1587398482328a0f72ade134ffe53208fca48c6c0,different,copied,76306146154e5aae0492ab38d2853378c849d008f33f5db9b53bc3c66ae87e5a
HabboNavigatorCom,iro_tag_xml,HabboNavigatorCom_iro_tag_xml,class_410,445_class_410.bin,C:\habbo\client\habbo-client-ngh\binaryData\445_class_410.bin,C:\habbo\client\habbo-client-clean\src\binaryData\HabboNavigatorCom_iro_tag_xml.bin,625596ba69e8778a664d7fd1662ad6877378f2f970d623e1aa8befc1f9975992,625596ba69e8778a664d7fd1662ad6877378f2f970d623e1aa8befc1f9975992,identical,identical,625596ba69e8778a664d7fd1662ad6877378f2f970d623e1aa8befc1f9975992
HabboNavigatorCom,roc_create_room_xml,HabboNavigatorCom_roc_create_room_xml,class_452,981_class_452.bin,C:\habbo\client\habbo-client-ngh\binaryData\981_class_452.bin,C:\habbo\client\habbo-client-clean\src\binaryData\HabboNavigatorCom_roc_create_room_xml.bin,fbd52f94a216801b9cb4d53e84051fcffac642d6a5d3f8768d22d56a5cf6845e,6f8af79636d5486a13863fcb5509c9d3a95ccd9e064a823f377da470c1ddee80,different,copied,fbd52f94a216801b9cb4d53e84051fcffac642d6a5d3f8768d22d56a5cf6845e
HabboNavigatorCom,roc_vip_promo_xml,HabboNavigatorCom_roc_vip_promo_xml,class_490,1208_class_490.bin,C:\habbo\client\habbo-client-ngh\binaryData\1208_class_490.bin,C:\habbo\client\habbo-client-clean\src\binaryData\HabboNavigatorCom_roc_vip_promo_xml.bin,399b78758c204b53a51270a52ea04c828719ae9f4b1dd99396ce9f23d1fba482,399b78758c204b53a51270a52ea04c828719ae9f4b1dd99396ce9f23d1fba482,identical,identical,399b78758c204b53a51270a52ea04c828719ae9f4b1dd99396ce9f23d1fba482
HabboNavigatorCom,roc_room_thumbnail_xml,HabboNavigatorCom_roc_room_thumbnail_xml,class_436,307_class_436.bin,C:\habbo\client\habbo-client-ngh\binaryData\307_class_436.bin,C:\habbo\client\habbo-client-clean\src\binaryData\HabboNavigatorCom_roc_room_thumbnail_xml.bin,b323f67350227bffd5e579a0503ce52ceaf676ef92c211d12233dc18b46256b9,b323f67350227bffd5e579a0503ce52ceaf676ef92c211d12233dc18b46256b9,identical,identical,b323f67350227bffd5e579a0503ce52ceaf676ef92c211d12233dc18b46256b9
HabboNavigatorCom,ros_flat_controller_xml,HabboNavigatorCom_ros_flat_controller_xml,class_418,1543_class_418.bin,C:\habbo\client\habbo-client-ngh\binaryData\1543_class_418.bin,C:\habbo\client\habbo-client-clean\src\binaryData\HabboNavigatorCom_ros_flat_controller_xml.bin,400af4bc739cd0cff75cb28efe25f2a8bbf3d8e1eaec6b4d1fc8d49763e1c709,400af4bc739cd0cff75cb28efe25f2a8bbf3d8e1eaec6b4d1fc8d49763e1c709,identical,identical,400af4bc739cd0cff75cb28efe25f2a8bbf3d8e1eaec6b4d1fc8d49763e1c709
HabboNavigatorCom,ros_banned_user_xml,HabboNavigatorCom_ros_banned_user_xml,class_408,617_class_408.bin,C:\habbo\client\habbo-client-ngh\binaryData\617_class_408.bin,C:\habbo\client\habbo-client-clean\src\binaryData\HabboNavigatorCom_ros_banned_user_xml.bin,c84d54ae4ffa20aab21081bdc2bb6254f884ae5c5f009979796ebb7da7230244,61f22b9f2227717d1a0f2d01622c434419ccc3832cf650db48e97c09da5e73f8,different,copied,c84d54ae4ffa20aab21081bdc2bb6254f884ae5c5f009979796ebb7da7230244
HabboNavigatorCom,ros_friend_xml,HabboNavigatorCom_ros_friend_xml,class_458,694_class_458.bin,C:\habbo\client\habbo-client-ngh\binaryData\694_class_458.bin,C:\habbo\client\habbo-client-clean\src\binaryData\HabboNavigatorCom_ros_friend_xml.bin,dcd06aef8fb5e9b921f852aabc628a2c9051b29358f995ffb1634ee84fc44456,dcd06aef8fb5e9b921f852aabc628a2c9051b29358f995ffb1634ee84fc44456,identical,identical,dcd06aef8fb5e9b921f852aabc628a2c9051b29358f995ffb1634ee84fc44456
HabboNavigatorCom,ros_badword_xml,HabboNavigatorCom_ros_badword_xml,class_421,777_class_421.bin,C:\habbo\client\habbo-client-ngh\binaryData\777_class_421.bin,C:\habbo\client\habbo-client-clean\src\binaryData\HabboNavigatorCom_ros_badword_xml.bin,6b6958fc0bee0a7ca6ed0f97b8db0afdd3f6a30aa8ab5786c2dea01bb6fd1743,c5ab0dac9687c5a08caa4dc030480a5e32b8b7209bcf6911a37b0ccb14aab38d,different,copied,6b6958fc0bee0a7ca6ed0f97b8db0afdd3f6a30aa8ab5786c2dea01bb6fd1743
HabboNavigatorCom,ros_room_settings_xml,HabboNavigatorCom_ros_room_settings_xml,class_449,1149_class_449.bin,C:\habbo\client\habbo-client-ngh\binaryData\1149_class_449.bin,C:\habbo\client\habbo-client-clean\src\binaryData\HabboNavigatorCom_ros_room_settings_xml.bin,3f42155ca75f4cd944f2be2f2f73634b2199e0890fff15461c07ebcc8d9485ec,2bed4e3c01efd86b99ff6335e1955b92a3f7f7a2a1caee03983d0e93852e5343,different,copied,3f42155ca75f4cd944f2be2f2f73634b2199e0890fff15461c07ebcc8d9485ec
HabboNavigatorCom,ros_confirm_xml,HabboNavigatorCom_ros_confirm_xml,class_476,1859_class_476.bin,C:\habbo\client\habbo-client-ngh\binaryData\1859_class_476.bin,C:\habbo\client\habbo-client-clean\src\binaryData\HabboNavigatorCom_ros_confirm_xml.bin,e3890fc806a51634033485dbf877888f1deae3f9bc7ae68a14c775086a8ad7fc,a57b65444e480568d22da3618f2873757bee1e93f1f8f9eee0dd5558d0c14a36,different,copied,e3890fc806a51634033485dbf877888f1deae3f9bc7ae68a14c775086a8ad7fc
HabboNavigatorCom,password_input_xml,HabboNavigatorCom_password_input_xml,class_417,1791_class_417.bin,C:\habbo\client\habbo-client-ngh\binaryData\1791_class_417.bin,C:\habbo\client\habbo-client-clean\src\binaryData\HabboNavigatorCom_password_input_xml.bin,30816d69f49b4893ea1d37ddce2251bced338484b05762bc9655b66dde028405,c804d4e4312848e11295125f73f2ddd37c6dc1feca0116df224bf129dc0a8f15,different,copied,30816d69f49b4893ea1d37ddce2251bced338484b05762bc9655b66dde028405
HabboNavigatorCom,doorbell_xml,HabboNavigatorCom_doorbell_xml,class_472,714_class_472.bin,C:\habbo\client\habbo-client-ngh\binaryData\714_class_472.bin,C:\habbo\client\habbo-client-clean\src\binaryData\HabboNavigatorCom_doorbell_xml.bin,f66ef9c592f0992a015d81bcf02429ab335c9a84529c669d7f3347e29da94f2d,9cdcbc77def8ed9e8760085b7174f34319202ef33a5771da67fb90b2d9196dea,different,copied,f66ef9c592f0992a015d81bcf02429ab335c9a84529c669d7f3347e29da94f2d
HabboNavigatorCom,guild_info_xml,HabboNavigatorCom_guild_info_xml,class_443,506_class_443.bin,C:\habbo\client\habbo-client-ngh\binaryData\506_class_443.bin,C:\habbo\client\habbo-client-clean\src\binaryData\HabboNavigatorCom_guild_info_xml.bin,4e68de22d3996adf30d2260ea05acc0af16c4179b7e41457f758445e1b805feb,4e68de22d3996adf30d2260ea05acc0af16c4179b7e41457f758445e1b805feb,identical,identical,4e68de22d3996adf30d2260ea05acc0af16c4179b7e41457f758445e1b805feb
HabboNavigatorCom,toolbar_hover_xml,HabboNavigatorCom_toolbar_hover_xml,class_460,2316_class_460.bin,C:\habbo\client\habbo-client-ngh\binaryData\2316_class_460.bin,C:\habbo\client\habbo-client-clean\src\binaryData\HabboNavigatorCom_toolbar_hover_xml.bin,20d547dfca54d52873835fe280b920016171afc2830723f7a905911cdd9842be,b5de20663f9bf9b83e69d1b0cee5bc07b73748241deafa3474c363ae1141f614,different,copied,20d547dfca54d52873835fe280b920016171afc2830723f7a905911cdd9842be
HabboNavigatorCom,enforce_category_xml,HabboNavigatorCom_enforce_category_xml,class_497,1060_class_497.bin,C:\habbo\client\habbo-client-ngh\binaryData\1060_class_497.bin,C:\habbo\client\habbo-client-clean\src\binaryData\HabboNavigatorCom_enforce_category_xml.bin,efa96cd4bba2c42588c818d7c3e944d83bef83309b02c7b8ff83971456b3a8d4,1884cd4b962ff25653f0bff03b80c9e4c86f2567fc639779e02137fbb62e977e,different,copied,efa96cd4bba2c42588c818d7c3e944d83bef83309b02c7b8ff83971456b3a8d4
HabboNewNavigatorCom,manifest,HabboNewNavigatorCom_manifest,class_1212,270_class_1212.bin,C:\habbo\client\habbo-client-ngh\binaryData\270_class_1212.bin,C:\habbo\client\habbo-client-clean\src\binaryData\HabboNewNavigatorCom_manifest.bin,16a070468818960326a3d77c1d2861e3e76b612e1e21759c1e8c4aecbb17a96f,16a070468818960326a3d77c1d2861e3e76b612e1e21759c1e8c4aecbb17a96f,identical,identical,16a070468818960326a3d77c1d2861e3e76b612e1e21759c1e8c4aecbb17a96f
HabboNewNavigatorCom,navigator_frame_2_xml,HabboNewNavigatorCom_navigator_frame_2_xml,class_1213,1811_class_1213.bin,C:\habbo\client\habbo-client-ngh\binaryData\1811_class_1213.bin,C:\habbo\client\habbo-client-clean\src\binaryData\HabboNewNavigatorCom_navigator_frame_2_xml.bin,dcd33504718fb3b93ca73f10a5735d9a4cc5bab6aa2e8e549dd26edce193029b,524edfdc6cabc22112d3ac19a6628ccd6b2da6b2928bffbe4a84bf18d1b63843,different,copied,dcd33504718fb3b93ca73f10a5735d9a4cc5bab6aa2e8e549dd26edce193029b
HabboNewNavigatorCom,room_info_popup_bubble_xml,HabboNewNavigatorCom_room_info_popup_bubble_xml,class_1209,2151_class_1209.bin,C:\habbo\client\habbo-client-ngh\binaryData\2151_class_1209.bin,C:\habbo\client\habbo-client-clean\src\binaryData\HabboNewNavigatorCom_room_info_popup_bubble_xml.bin,d42f6c79f4f73f6c5d343a00b9dfaf70bdfde099340277ac6c001b5a20183afa,912a837bb9fc9193965185551cebe58a76f932638e945e421ef43cfa50079b6d,different,copied,d42f6c79f4f73f6c5d343a00b9dfaf70bdfde099340277ac6c001b5a20183afa
HabboNewNavigatorCom,property_xml,HabboNewNavigatorCom_property_xml,class_1214,1437_class_1214.bin,C:\habbo\client\habbo-client-ngh\binaryData\1437_class_1214.bin,C:\habbo\client\habbo-client-clean\src\binaryData\HabboNewNavigatorCom_property_xml.bin,3d7d9cc867b755a70b8a367d5094434831f1443154d20399e96ed305109be5af,9969b8780646b9301b0577277d7992cefe813c37502aa4ee0ff0637561c167ef,different,copied,3d7d9cc867b755a70b8a367d5094434831f1443154d20399e96ed305109be5af
HabboNewNavigatorCom,tag_xml,HabboNewNavigatorCom_tag_xml,class_1210,1714_class_1210.bin,C:\habbo\client\habbo-client-ngh\binaryData\1714_class_1210.bin,C:\habbo\client\habbo-client-clean\src\binaryData\HabboNewNavigatorCom_tag_xml.bin,a04d906d7588716a5244cc7100a992b40ea2b123397a2ac84551a28c433672bd,a04d906d7588716a5244cc7100a992b40ea2b123397a2ac84551a28c433672bd,identical,identical,a04d906d7588716a5244cc7100a992b40ea2b123397a2ac84551a28c433672bd
HabboToolbarCom,manifest,HabboToolbarCom_manifest,class_2167,1824_class_2167.bin,C:\habbo\client\habbo-client-ngh\binaryData\1824_class_2167.bin,C:\habbo\client\habbo-client-clean\src\binaryData\HabboToolbarCom_manifest.bin,7d9b408a9047c23591cc1978b1db29be83c5751bd6de09565c3a248197e51a96,7d9b408a9047c23591cc1978b1db29be83c5751bd6de09565c3a248197e51a96,identical,identical,7d9b408a9047c23591cc1978b1db29be83c5751bd6de09565c3a248197e51a96
HabboToolbarCom,toolbar_view_xml,HabboToolbarCom_toolbar_view_xml,class_2160,792_class_2160.bin,C:\habbo\client\habbo-client-ngh\binaryData\792_class_2160.bin,C:\habbo\client\habbo-client-clean\src\binaryData\HabboToolbarCom_toolbar_view_xml.bin,420f7ebadbeb6d8ef6534604b6adce6c0c29decbe1129ea18afd20a0753331a4,420f7ebadbeb6d8ef6534604b6adce6c0c29decbe1129ea18afd20a0753331a4,identical,identical,420f7ebadbeb6d8ef6534604b6adce6c0c29decbe1129ea18afd20a0753331a4
HabboToolbarCom,bottom_bar_left_xml,HabboToolbarCom_bottom_bar_left_xml,class_2154,2146_class_2154.bin,C:\habbo\client\habbo-client-ngh\binaryData\2146_class_2154.bin,C:\habbo\client\habbo-client-clean\src\binaryData\HabboToolbarCom_bottom_bar_left_xml.bin,148be05bcb871203388d5db15ebf804ce533d83d0cae912962bfdbcd141d2e60,11696e35240793b800ccfdd338832abeae1313aba04f7affe1251005a058052d,different,copied,148be05bcb871203388d5db15ebf804ce533d83d0cae912962bfdbcd141d2e60
HabboToolbarCom,bottom_background_border_xml,HabboToolbarCom_bottom_background_border_xml,class_2165,1034_class_2165.bin,C:\habbo\client\habbo-client-ngh\binaryData\1034_class_2165.bin,C:\habbo\client\habbo-client-clean\src\binaryData\HabboToolbarCom_bottom_background_border_xml.bin,c03ccf1e302638077521f4165723add983a424aecc62dd84b2e8cafb4bf021e3,a3fc2c290f053e9131c076ed5b017ff87cb14f22bf8855be9acb24c34c2102d6,different,copied,c03ccf1e302638077521f4165723add983a424aecc62dd84b2e8cafb4bf021e3
HabboToolbarCom,me_menu_view_xml,HabboToolbarCom_me_menu_view_xml,class_2172,328_class_2172.bin,C:\habbo\client\habbo-client-ngh\binaryData\328_class_2172.bin,C:\habbo\client\habbo-client-clean\src\binaryData\HabboToolbarCom_me_menu_view_xml.bin,8bbdb8bf6a37e5f9d5771526aaac8c8906a6efedaff9156e6d4c0e49a45997db,8bbdb8bf6a37e5f9d5771526aaac8c8906a6efedaff9156e6d4c0e49a45997db,identical,identical,8bbdb8bf6a37e5f9d5771526aaac8c8906a6efedaff9156e6d4c0e49a45997db
HabboToolbarCom,me_menu_new_view_xml,HabboToolbarCom_me_menu_new_view_xml,class_2149,1853_class_2149.bin,C:\habbo\client\habbo-client-ngh\binaryData\1853_class_2149.bin,C:\habbo\client\habbo-client-clean\src\binaryData\HabboToolbarCom_me_menu_new_view_xml.bin,f806fc9507ba1ca0ea0dbaa2b70cebb2eb2a2ca3f98c0782d91715f31dc74836,8e5bb5c4c60deed2db64508e0c92a523b6ccc8774c2e8970dbf1f563c8519d92,different,copied,f806fc9507ba1ca0ea0dbaa2b70cebb2eb2a2ca3f98c0782d91715f31dc74836
HabboToolbarCom,me_menu_settings_menu_xml,HabboToolbarCom_me_menu_settings_menu_xml,class_2142,1778_class_2142.bin,C:\habbo\client\habbo-client-ngh\binaryData\1778_class_2142.bin,C:\habbo\client\habbo-client-clean\src\binaryData\HabboToolbarCom_me_menu_settings_menu_xml.bin,7b1e0307abb9b766d24752c638601411b728f7d042cc0ee4531cd78ec0b201bc,49612748eb163ded86f76f9d7591fdf7351e364ac057090295593a95925468d0,different,copied,7b1e0307abb9b766d24752c638601411b728f7d042cc0ee4531cd78ec0b201bc
HabboToolbarCom,me_menu_sound_settings_xml,HabboToolbarCom_me_menu_sound_settings_xml,class_2150,1454_class_2150.bin,C:\habbo\client\habbo-client-ngh\binaryData\1454_class_2150.bin,C:\habbo\client\habbo-client-clean\src\binaryData\HabboToolbarCom_me_menu_sound_settings_xml.bin,1da6f135a985b5af35a46b6e9c1748a90ea91576bc6ceb50f403e2abf3b639e9,9869c5216453a5e698a2ba069a8079734eb3adde32f8971a6aca0ac535127955,different,copied,1da6f135a985b5af35a46b6e9c1748a90ea91576bc6ceb50f403e2abf3b639e9
HabboToolbarCom,me_menu_other_settings_xml,HabboToolbarCom_me_menu_other_settings_xml,class_2156,457_class_2156.bin,C:\habbo\client\habbo-client-ngh\binaryData\457_class_2156.bin,C:\habbo\client\habbo-client-clean\src\binaryData\HabboToolbarCom_me_menu_other_settings_xml.bin,26395ff9edbe93af3ae6d84c1067be47747f9a4caffe02a44f3c37d7cdb6fd96,66a919e478bdb86f4b08809377cd09e63e5b0d756ebd39cfb886b18606b9f7e5,different,copied,26395ff9edbe93af3ae6d84c1067be47747f9a4caffe02a44f3c37d7cdb6fd96
HabboToolbarCom,new_items_label_xml,HabboToolbarCom_new_items_label_xml,class_2146,279_class_2146.bin,C:\habbo\client\habbo-client-ngh\binaryData\279_class_2146.bin,C:\habbo\client\habbo-client-clean\src\binaryData\HabboToolbarCom_new_items_label_xml.bin,1f815ca705d26513a4e3fb5fe79538db483b28a9fac0e87d904d629611dc0ddc,1f815ca705d26513a4e3fb5fe79538db483b28a9fac0e87d904d629611dc0ddc,identical,identical,1f815ca705d26513a4e3fb5fe79538db483b28a9fac0e87d904d629611dc0ddc
HabboToolbarCom,campaign_calendar_xml,HabboToolbarCom_campaign_calendar_xml,class_2143,533_class_2143.bin,C:\habbo\client\habbo-client-ngh\binaryData\533_class_2143.bin,C:\habbo\client\habbo-client-clean\src\binaryData\HabboToolbarCom_campaign_calendar_xml.bin,050e79116fde355c6bacfcf5ded0d8dec476ab8bcc2e0ecce0cec7a6347e9424,dfac3290b35d2da9f15b1b0fc55bdf58a9ac4f738d53ecc95e40fa31dbd6275a,different,copied,050e79116fde355c6bacfcf5ded0d8dec476ab8bcc2e0ecce0cec7a6347e9424
HabboToolbarCom,logout_xml,HabboToolbarCom_logout_xml,class_2173,1648_class_2173.bin,C:\habbo\client\habbo-client-ngh\binaryData\1648_class_2173.bin,C:\habbo\client\habbo-client-clean\src\binaryData\HabboToolbarCom_logout_xml.bin,abf6d4261e87623ec8902cc140e7f5cb9c80b0a62ec4f6966a0590118230c743,59cd5124e01b37864638e6ae21344ccbf19b874f2d0e0a24775dcc2b3a10768e,different,copied,abf6d4261e87623ec8902cc140e7f5cb9c80b0a62ec4f6966a0590118230c743
HabboToolbarCom,logout_confirmation_xml,HabboToolbarCom_logout_confirmation_xml,class_2163,871_class_2163.bin,C:\habbo\client\habbo-client-ngh\binaryData\871_class_2163.bin,C:\habbo\client\habbo-client-clean\src\binaryData\HabboToolbarCom_logout_confirmation_xml.bin,106210e32f92e32bafca3e6a10adf592707f6c1bba201fb46249654d377c5879,106210e32f92e32bafca3e6a10adf592707f6c1bba201fb46249654d377c5879,identical,identical,106210e32f92e32bafca3e6a10adf592707f6c1bba201fb46249654d377c5879
HabboToolbarCom,roomtools_xml,HabboToolbarCom_roomtools_xml,class_2151,283_class_2151.bin,C:\habbo\client\habbo-client-ngh\binaryData\283_class_2151.bin,C:\habbo\client\habbo-client-clean\src\binaryData\HabboToolbarCom_roomtools_xml.bin,4e0d0f288a32ffcc04059a4349b5c4fb1a84c4d8b0d8409911dccb3dc7970648,b3cbae05462249ef4b093e3056a49fd31f4ba215fc86ee2b5d07ab962751e9dc,different,copied,4e0d0f288a32ffcc04059a4349b5c4fb1a84c4d8b0d8409911dccb3dc7970648
HabboToolbarCom,roominfo_icon,HabboToolbarCom_roominfo_icon,class_2141,1161_class_2141.png,C:\habbo\client\habbo-client-ngh\images\1161_class_2141.png,C:\habbo\client\habbo-client-clean\src\images\HabboToolbarCom_roominfo_icon.png,c6c83148df2731f9d868316687c7483b060044a3eeec37821c7c71e7d2d5131d,25cdf1d50c84f78bbe0133fe5b1084b3b508f92b76f7cd5ac78838bf411cef9f,different,copied,c6c83148df2731f9d868316687c7483b060044a3eeec37821c7c71e7d2d5131d
HabboToolbarCom,promo_duckets_xml,HabboToolbarCom_promo_duckets_xml,class_2134,901_class_2134.bin,C:\habbo\client\habbo-client-ngh\binaryData\901_class_2134.bin,C:\habbo\client\habbo-client-clean\src\binaryData\HabboToolbarCom_promo_duckets_xml.bin,de05b49a5cd4d72b0485a7ed75cf686788d5e816d5025ba071d74158680bf56d,de05b49a5cd4d72b0485a7ed75cf686788d5e816d5025ba071d74158680bf56d,identical,identical,de05b49a5cd4d72b0485a7ed75cf686788d5e816d5025ba071d74158680bf56d
HabboToolbarCom,purse_xml,HabboToolbarCom_purse_xml,class_2152,2145_class_2152.bin,C:\habbo\client\habbo-client-ngh\binaryData\2145_class_2152.bin,C:\habbo\client\habbo-client-clean\src\binaryData\HabboToolbarCom_purse_xml.bin,c51f76ad6735535e9f1a3c6a6971cdde3af5323efb5a754b9c6e19539720649a,431c771037be97cecc5862b790b38c5a6d75fd019e2c8209dd1a83e5ae7cf519,different,copied,c51f76ad6735535e9f1a3c6a6971cdde3af5323efb5a754b9c6e19539720649a
HabboToolbarCom,settings_xml,HabboToolbarCom_settings_xml,class_2161,305_class_2161.bin,C:\habbo\client\habbo-client-ngh\binaryData\305_class_2161.bin,C:\habbo\client\habbo-client-clean\src\binaryData\HabboToolbarCom_settings_xml.bin,85aee7224ef88d7931fa0ecc2ccb487321259ea8e6f97a0b58af37130cdd2c0a,8a7fa1d3613bf33ccccb3b2b251f14038c099b88095a9dff5b65eb93148a7e32,different,copied,85aee7224ef88d7931fa0ecc2ccb487321259ea8e6f97a0b58af37130cdd2c0a
HabboToolbarCom,setting_category_xml,HabboToolbarCom_setting_category_xml,class_2145,1600_class_2145.bin,C:\habbo\client\habbo-client-ngh\binaryData\1600_class_2145.bin,C:\habbo\client\habbo-client-clean\src\binaryData\HabboToolbarCom_setting_category_xml.bin,860d523b7dbe43766a94fb09c500435205d4985a626059ebb9ef001adf404ff3,e0e1d9ee2fdf71d29eada5e185628f33b5eea6ee13ff4d55986ff3fb06068e09,different,copied,860d523b7dbe43766a94fb09c500435205d4985a626059ebb9ef001adf404ff3
HabboToolbarCom,purse_indicator_credits_xml,HabboToolbarCom_purse_indicator_credits_xml,class_2168,507_class_2168.bin,C:\habbo\client\habbo-client-ngh\binaryData\507_class_2168.bin,C:\habbo\client\habbo-client-clean\src\binaryData\HabboToolbarCom_purse_indicator_credits_xml.bin,cf5a108aa3f8fe7589f16587fed3f861d9aaef122c92787e1813e408426c8fe1,cf5a108aa3f8fe7589f16587fed3f861d9aaef122c92787e1813e408426c8fe1,identical,identical,cf5a108aa3f8fe7589f16587fed3f861d9aaef122c92787e1813e408426c8fe1
HabboToolbarCom,purse_indicator_pixels_xml,HabboToolbarCom_purse_indicator_pixels_xml,class_2135,1948_class_2135.bin,C:\habbo\client\habbo-client-ngh\binaryData\1948_class_2135.bin,C:\habbo\client\habbo-client-clean\src\binaryData\HabboToolbarCom_purse_indicator_pixels_xml.bin,80343b9ecc3fabf871c295469b9f1704ed011e59a321f14c9c5c6b35f01fc228,80343b9ecc3fabf871c295469b9f1704ed011e59a321f14c9c5c6b35f01fc228,identical,identical,80343b9ecc3fabf871c295469b9f1704ed011e59a321f14c9c5c6b35f01fc228
HabboToolbarCom,purse_indicator_seasonal_xml,HabboToolbarCom_purse_indicator_seasonal_xml,class_2153,1608_class_2153.bin,C:\habbo\client\habbo-client-ngh\binaryData\1608_class_2153.bin,C:\habbo\client\habbo-client-clean\src\binaryData\HabboToolbarCom_purse_indicator_seasonal_xml.bin,7693ec61ae6b326a40e23738491fcb368f27be82918de783da63e15c09ba9378,fd14e0fc76eb23fd746ef8a3c9470af7cc08e9e2799e1886766d833f6f6313a0,different,copied,7693ec61ae6b326a40e23738491fcb368f27be82918de783da63e15c09ba9378
HabboToolbarCom,club_discount_promotion_xml,HabboToolbarCom_club_discount_promotion_xml,class_2137,1514_class_2137.bin,C:\habbo\client\habbo-client-ngh\binaryData\1514_class_2137.bin,C:\habbo\client\habbo-client-clean\src\binaryData\HabboToolbarCom_club_discount_promotion_xml.bin,88673357c2040debf2777f9869b5f0055728d7654c455602aefe0706883f899a,88673357c2040debf2777f9869b5f0055728d7654c455602aefe0706883f899a,identical,identical,88673357c2040debf2777f9869b5f0055728d7654c455602aefe0706883f899a
HabboToolbarCom,extend_hilite_png,HabboToolbarCom_extend_hilite_png,class_2171,1045_class_2171.png,C:\habbo\client\habbo-client-ngh\images\1045_class_2171.png,C:\habbo\client\habbo-client-clean\src\images\HabboToolbarCom_extend_hilite_png.png,bef029bef76e9437f2fb354ad1a2db1ec1ec0f9c504f28c0abcbdf547c53d1fc,121663161b27d1bd354e69ef813239fd201dc49fde187f5a46843623ed44e9cb,different,copied,bef029bef76e9437f2fb354ad1a2db1ec1ec0f9c504f28c0abcbdf547c53d1fc
HabboToolbarCom,icon_credit_0_png,HabboToolbarCom_icon_credit_0_png,HabboToolbarCom_icon_credit_0_png,565.png,C:\habbo\client\habbo-client-ngh\images\565.png,C:\habbo\client\habbo-client-clean\src\images\HabboToolbarCom_icon_credit_0_png.png,e51fc28ea81e27f9e3bd8fa960450c8f66095cd4405e48c34a1be1e3de8a9f25,816d265060d54d415a3e8eee4703fa39f51020dbc2e4f9614640ee05066d52e2,different,copied,e51fc28ea81e27f9e3bd8fa960450c8f66095cd4405e48c34a1be1e3de8a9f25
HabboToolbarCom,icon_credit_1_png,HabboToolbarCom_icon_credit_1_png,HabboToolbarCom_icon_credit_1_png,1367.png,C:\habbo\client\habbo-client-ngh\images\1367.png,C:\habbo\client\habbo-client-clean\src\images\HabboToolbarCom_icon_credit_1_png.png,bb08e489c7228ee5890f67cd846bc42cfc1db95d02651d0b7a3fd57572ae82cf,1f0308512840776622459807eba44ff0fd3b30ede363c39b9e0fa3af5b7ec51f,different,copied,bb08e489c7228ee5890f67cd846bc42cfc1db95d02651d0b7a3fd57572ae82cf
HabboToolbarCom,icon_credit_2_png,HabboToolbarCom_icon_credit_2_png,HabboToolbarCom_icon_credit_2_png,1368.png,C:\habbo\client\habbo-client-ngh\images\1368.png,C:\habbo\client\habbo-client-clean\src\images\HabboToolbarCom_icon_credit_2_png.png,ee12500f1305fd6dcd6efdb3927f489f9e63ed48b95d7efa3cdf647e7ec1a02f,4830af63fa6ce80bf8b67fbaf11a3e823155e3ff927ad67cfc1f0b413e1c62f6,different,copied,ee12500f1305fd6dcd6efdb3927f489f9e63ed48b95d7efa3cdf647e7ec1a02f
HabboToolbarCom,icon_credit_3_png,HabboToolbarCom_icon_credit_3_png,HabboToolbarCom_icon_credit_3_png,1365.png,C:\habbo\client\habbo-client-ngh\images\1365.png,C:\habbo\client\habbo-client-clean\src\images\HabboToolbarCom_icon_credit_3_png.png,603a8cc6807175ae08189a8260bfa49d9217c8e7b4e618941a26529b9e4ebaf9,d21febff16e3f2a9423cf7594994ac0e222664330e0696bc4e4809377dc6e19d,different,copied,603a8cc6807175ae08189a8260bfa49d9217c8e7b4e618941a26529b9e4ebaf9
HabboToolbarCom,icon_credit_4_png,HabboToolbarCom_icon_credit_4_png,HabboToolbarCom_icon_credit_4_png,1366.png,C:\habbo\client\habbo-client-ngh\images\1366.png,C:\habbo\client\habbo-client-clean\src\images\HabboToolbarCom_icon_credit_4_png.png,09349db149364cfd971a707a7cdf0254de5c62740667312f987b322f086da369,55d7e46385a6a401d49431c2f2bd6fff57170422ba0347538fdc2bc5549b261a,different,copied,09349db149364cfd971a707a7cdf0254de5c62740667312f987b322f086da369
HabboToolbarCom,icon_credit_5_png,HabboToolbarCom_icon_credit_5_png,HabboToolbarCom_icon_credit_5_png,1120.png,C:\habbo\client\habbo-client-ngh\images\1120.png,C:\habbo\client\habbo-client-clean\src\images\HabboToolbarCom_icon_credit_5_png.png,a9aae752fc7ce60061904c27f1aa998ab73a676ee01cf9d1462b5c0a826e53c5,5e60f8234972a030d87af45d12b03fc0a0b7803800b6fb176765fc30808dd894,different,copied,a9aae752fc7ce60061904c27f1aa998ab73a676ee01cf9d1462b5c0a826e53c5
HabboToolbarCom,icon_credit_6_png,HabboToolbarCom_icon_credit_6_png,HabboToolbarCom_icon_credit_6_png,1364.png,C:\habbo\client\habbo-client-ngh\images\1364.png,C:\habbo\client\habbo-client-clean\src\images\HabboToolbarCom_icon_credit_6_png.png,1f4d4d28c98f4f466074a47b048d8e720b385c5c5bd03c4533ee5a8f9d85c06c,5709407b319f1fa024fcfabc559702a38f7f4a5ca4a5ff857c7cff101e6c25e8,different,copied,1f4d4d28c98f4f466074a47b048d8e720b385c5c5bd03c4533ee5a8f9d85c06c
HabboToolbarCom,icon_pixel_0_png,HabboToolbarCom_icon_pixel_0_png,HabboToolbarCom_icon_pixel_0_png,323.png,C:\habbo\client\habbo-client-ngh\images\323.png,C:\habbo\client\habbo-client-clean\src\images\HabboToolbarCom_icon_pixel_0_png.png,b5c6a910e5291ec6550b05ae23acf101509a49ee42ca3f61d2250d2e79101239,0705e7ef58cf2bab00ee15755d4a41f98e88f07837be271fb921db9e1e75f735,different,copied,b5c6a910e5291ec6550b05ae23acf101509a49ee42ca3f61d2250d2e79101239
HabboToolbarCom,icon_pixel_1_png,HabboToolbarCom_icon_pixel_1_png,HabboToolbarCom_icon_pixel_1_png,1329_HabboToolbarCom_icon_pixel_1_png.png,C:\habbo\client\habbo-client-ngh\images\1329_HabboToolbarCom_icon_pixel_1_png.png,C:\habbo\client\habbo-client-clean\src\images\HabboToolbarCom_icon_pixel_1_png.png,3b0a457961d205f124f4ff606f686f99ef54616933926d63e9e21cd07d8c30ad,b8e5ae891bd1910bfce547ac99dc570d0ae577c9b36c4d3200290743895ef616,different,copied,3b0a457961d205f124f4ff606f686f99ef54616933926d63e9e21cd07d8c30ad
HabboToolbarCom,icon_pixel_2_png,HabboToolbarCom_icon_pixel_2_png,HabboToolbarCom_icon_pixel_2_png,1701_HabboToolbarCom_icon_pixel_2_png.png,C:\habbo\client\habbo-client-ngh\images\1701_HabboToolbarCom_icon_pixel_2_png.png,C:\habbo\client\habbo-client-clean\src\images\HabboToolbarCom_icon_pixel_2_png.png,4d8dc584cdd43760d3623bc117280c11423f104b795536f2fb60cf806b102f2b,ac64118ab98f89eef3fdd29862f5365d7bf4e389532345be3b22875712571ccb,different,copied,4d8dc584cdd43760d3623bc117280c11423f104b795536f2fb60cf806b102f2b
HabboToolbarCom,icon_pixel_3_png,HabboToolbarCom_icon_pixel_3_png,HabboToolbarCom_icon_pixel_3_png,1127_HabboToolbarCom_icon_pixel_3_png.png,C:\habbo\client\habbo-client-ngh\images\1127_HabboToolbarCom_icon_pixel_3_png.png,C:\habbo\client\habbo-client-clean\src\images\HabboToolbarCom_icon_pixel_3_png.png,dc3094bba08d6e1bb5be4b2ae9257ca8d5fc82e01aa193c370660df26ea07dc6,df9f12b8e263aa4b4c137500cf13f5d30dc5f1db4f3cc6d9f40809363c42be78,different,copied,dc3094bba08d6e1bb5be4b2ae9257ca8d5fc82e01aa193c370660df26ea07dc6
HabboToolbarCom,extension_grid_xml,HabboToolbarCom_extension_grid_xml,class_2140,982_class_2140.bin,C:\habbo\client\habbo-client-ngh\binaryData\982_class_2140.bin,C:\habbo\client\habbo-client-clean\src\binaryData\HabboToolbarCom_extension_grid_xml.bin,66dd8f252010c0aaac237ad896728ab4fdaeeadd253e3bfec56dee564b4c0b8d,c01b6a587d67857aae4830fd871ca15352ef691d7b9f7bd2e63991da53edc49c,different,copied,66dd8f252010c0aaac237ad896728ab4fdaeeadd253e3bfec56dee564b4c0b8d
HabboToolbarCom,purse_indicator_club_xml,HabboToolbarCom_purse_indicator_club_xml,class_2157,1973_class_2157.bin,C:\habbo\client\habbo-client-ngh\binaryData\1973_class_2157.bin,C:\habbo\client\habbo-client-clean\src\binaryData\HabboToolbarCom_purse_indicator_club_xml.bin,d96a170ba17786ebe9967ee44e654156db2aa4d16bc37b058b5af3f0cf77e82c,d96a170ba17786ebe9967ee44e654156db2aa4d16bc37b058b5af3f0cf77e82c,identical,identical,d96a170ba17786ebe9967ee44e654156db2aa4d16bc37b058b5af3f0cf77e82c
HabboToolbarCom,video_offer_promotion_xml,HabboToolbarCom_video_offer_promotion_xml,class_2174,518_class_2174.bin,C:\habbo\client\habbo-client-ngh\binaryData\518_class_2174.bin,C:\habbo\client\habbo-client-clean\src\binaryData\HabboToolbarCom_video_offer_promotion_xml.bin,fc50cb61e70d25193719cdb79ae92620dad115734cb0bc46bc334d0ea40b5653,fc50cb61e70d25193719cdb79ae92620dad115734cb0bc46bc334d0ea40b5653,identical,identical,fc50cb61e70d25193719cdb79ae92620dad115734cb0bc46bc334d0ea40b5653
HabboToolbarCom,offer_icon_png,HabboToolbarCom_offer_icon_png,class_2138,1950_class_2138.png,C:\habbo\client\habbo-client-ngh\images\1950_class_2138.png,C:\habbo\client\habbo-client-clean\src\images\HabboToolbarCom_offer_icon_png.png,78521047f4a2341a65cdbccc292f69d6a8f33b5ebe0e4c129eaaa6458178f609,d50d120b6c07ad063425750ac9f73ac52140e98dffcee08c98d3f438e8401968,different,copied,78521047f4a2341a65cdbccc292f69d6a8f33b5ebe0e4c129eaaa6458178f609
HabboToolbarCom,vip_discount_promotion_v2_xml,HabboToolbarCom_vip_discount_promotion_v2_xml,class_2164,1572_class_2164.bin,C:\habbo\client\habbo-client-ngh\binaryData\1572_class_2164.bin,C:\habbo\client\habbo-client-clean\src\binaryData\HabboToolbarCom_vip_discount_promotion_v2_xml.bin,00668ad09b0d0311ad73da9b753b167b3576badcdf4123bd871d7062d496afc5,00668ad09b0d0311ad73da9b753b167b3576badcdf4123bd871d7062d496afc5,identical,identical,00668ad09b0d0311ad73da9b753b167b3576badcdf4123bd871d7062d496afc5
HabboToolbarCom,vip_quests_promo_xml,HabboToolbarCom_vip_quests_promo_xml,class_2148,1962_class_2148.bin,C:\habbo\client\habbo-client-ngh\binaryData\1962_class_2148.bin,C:\habbo\client\habbo-client-clean\src\binaryData\HabboToolbarCom_vip_quests_promo_xml.bin,f995d7bf76e733b0235c2351948b9a174868ebbc05430fe7a3a8c93e89abda09,f995d7bf76e733b0235c2351948b9a174868ebbc05430fe7a3a8c93e89abda09,identical,identical,f995d7bf76e733b0235c2351948b9a174868ebbc05430fe7a3a8c93e89abda09
HabboToolbarCom,offer_extension_xml,HabboToolbarCom_offer_extension_xml,class_2147,1378_class_2147.bin,C:\habbo\client\habbo-client-ngh\binaryData\1378_class_2147.bin,C:\habbo\client\habbo-client-clean\src\binaryData\HabboToolbarCom_offer_extension_xml.bin,3e1f9ab2f9e25f69763903b54662297fbc769d120038eb71730a070af25cbddc,3e1f9ab2f9e25f69763903b54662297fbc769d120038eb71730a070af25cbddc,identical,identical,3e1f9ab2f9e25f69763903b54662297fbc769d120038eb71730a070af25cbddc
HabboToolbarCom,phonenumber_collect_xml,HabboToolbarCom_phonenumber_collect_xml,class_2170,2060_class_2170.bin,C:\habbo\client\habbo-client-ngh\binaryData\2060_class_2170.bin,C:\habbo\client\habbo-client-clean\src\binaryData\HabboToolbarCom_phonenumber_collect_xml.bin,b839f982d8f994ac647af328f9f46dcc19ea0d39fb45155ea8249f1dcee23c2e,361520cfe83d122efa1e4c27ff9087bb5b26839f1fb9f11ade3b969bf6d73ec8,different,copied,b839f982d8f994ac647af328f9f46dcc19ea0d39fb45155ea8249f1dcee23c2e
HabboToolbarCom,phonenumber_verify_xml,HabboToolbarCom_phonenumber_verify_xml,class_2169,2114_class_2169.bin,C:\habbo\client\habbo-client-ngh\binaryData\2114_class_2169.bin,C:\habbo\client\habbo-client-clean\src\binaryData\HabboToolbarCom_phonenumber_verify_xml.bin,a320c3ca25f2651b9cfffb2c71157c5c775ce52bcea4e2aaadb0a5d2acb061bd,bd2085177199ea9ba4c00d7c0178349e5cbfd507c76c44f8d86572d4fc69ef10,different,copied,a320c3ca25f2651b9cfffb2c71157c5c775ce52bcea4e2aaadb0a5d2acb061bd
HabboToolbarCom,phonenumber_collect_minimized_xml,HabboToolbarCom_phonenumber_collect_minimized_xml,class_2136,1512_class_2136.bin,C:\habbo\client\habbo-client-ngh\binaryData\1512_class_2136.bin,C:\habbo\client\habbo-client-clean\src\binaryData\HabboToolbarCom_phonenumber_collect_minimized_xml.bin,cdf9b8d0b7c143e2a28abd44ad360ae3dc5c7bbe5e68ec0ebf04d24b7394548f,a2ab31205060ace75e9a507eeeab828517f225859d23671215dcc882e4e8743f,different,copied,cdf9b8d0b7c143e2a28abd44ad360ae3dc5c7bbe5e68ec0ebf04d24b7394548f
HabboToolbarCom,phonenumber_verify_minimized_xml,HabboToolbarCom_phonenumber_verify_minimized_xml,class_2144,2192_class_2144.bin,C:\habbo\client\habbo-client-ngh\binaryData\2192_class_2144.bin,C:\habbo\client\habbo-client-clean\src\binaryData\HabboToolbarCom_phonenumber_verify_minimized_xml.bin,45bb07f5aa9856a1fb25c6f5e1d6ade2ba51c25b334f762b77d06b722bcc8e12,2e082b1473476aa1c789b7730508a2d3a8c997c19f634009be1345429492008e,different,copied,45bb07f5aa9856a1fb25c6f5e1d6ade2ba51c25b334f762b77d06b722bcc8e12
HabboToolbarCom,phonenumber_country_menu_item_xml,HabboToolbarCom_phonenumber_country_menu_item_xml,class_2158,717_class_2158.bin,C:\habbo\client\habbo-client-ngh\binaryData\717_class_2158.bin,C:\habbo\client\habbo-client-clean\src\binaryData\HabboToolbarCom_phonenumber_country_menu_item_xml.bin,98efdded4aad6364c9bda3dcf96fa874d959ba8af854d2388ba68d65a6e1e67e,064eac9a0a0c3d25fe8431e9ad9add074535ec4a26024c9d73ec4edb562b6c03,different,copied,98efdded4aad6364c9bda3dcf96fa874d959ba8af854d2388ba68d65a6e1e67e
HabboToolbarCom,returnusergifting_miniview_xml,HabboToolbarCom_returnusergifting_miniview_xml,class_2139,341_class_2139.bin,C:\habbo\client\habbo-client-ngh\binaryData\341_class_2139.bin,C:\habbo\client\habbo-client-clean\src\binaryData\HabboToolbarCom_returnusergifting_miniview_xml.bin,04f0db8e069fbba56cd847b98e804a81684d1932025d95ea23befe475f3aff80,04f0db8e069fbba56cd847b98e804a81684d1932025d95ea23befe475f3aff80,identical,identical,04f0db8e069fbba56cd847b98e804a81684d1932025d95ea23befe475f3aff80
HabboToolbarCom,nux_offer_old_user_xml,HabboToolbarCom_nux_offer_old_user_xml,class_2159,1806_class_2159.bin,C:\habbo\client\habbo-client-ngh\binaryData\1806_class_2159.bin,C:\habbo\client\habbo-client-clean\src\binaryData\HabboToolbarCom_nux_offer_old_user_xml.bin,9e2eae2a4e5669fe49fe865e5678a37c1e209ffbc02db6c979f596513ce5339f,e2cbe0b99586727d9cfddec9f8e96c75316a78f1baa7f88306ee4fdb9397636d,different,copied,9e2eae2a4e5669fe49fe865e5678a37c1e209ffbc02db6c979f596513ce5339f
HabboToolbarCom,nux_gift_selection_xml,HabboToolbarCom_nux_gift_selection_xml,class_2166,740_class_2166.bin,C:\habbo\client\habbo-client-ngh\binaryData\740_class_2166.bin,C:\habbo\client\habbo-client-clean\src\binaryData\HabboToolbarCom_nux_gift_selection_xml.bin,abc500e6a9b1478ee1807a506f1487ff3febc1f60741a7d109f5c855abb2e221,aebaa116ed716978b088fbbc9368e1cc2030e83fe9d081d20f29e093a27d069e,different,copied,abc500e6a9b1478ee1807a506f1487ff3febc1f60741a7d109f5c855abb2e221
HabboToolbarCom,nux_noob_room_offer_xml,HabboToolbarCom_nux_noob_room_offer_xml,class_2162,1019_class_2162.bin,C:\habbo\client\habbo-client-ngh\binaryData\1019_class_2162.bin,C:\habbo\client\habbo-client-clean\src\binaryData\HabboToolbarCom_nux_noob_room_offer_xml.bin,5abf4aa62bd886dad55064437d73182481daf0c1423d9f052390fce6aa7dc277,354065bb221c06f9a4d225966a1e6a252cf69e002078456f4fb6d38208bfbb9e,different,copied,5abf4aa62bd886dad55064437d73182481daf0c1423d9f052390fce6aa7dc277
HabboWindowManagerCom,habbo_window_layout_frame_3_xml,HabboWindowManagerCom_habbo_window_layout_frame_3_xml,HabboWindowManagerCom_habbo_window_layout_frame_3_xml,2062_HabboWindowManagerCom_habbo_window_layout_frame_3_xml.bin,C:\habbo\client\habbo-client-ngh\binaryData\2062_HabboWindowManagerCom_habbo_window_layout_frame_3_xml.bin,C:\habbo\client\habbo-client-clean\src\binaryData\HabboWindowManagerCom_habbo_window_layout_frame_3_xml.bin,3526859bc8d0dd1907d98b45360a7d0ad53c52641707f64e8488923d16bdecad,3526859bc8d0dd1907d98b45360a7d0ad53c52641707f64e8488923d16bdecad,identical,identical,3526859bc8d0dd1907d98b45360a7d0ad53c52641707f64e8488923d16bdecad
HabboWindowManagerCom,habbo_window_layout_frame_7_xml,HabboWindowManagerCom_habbo_window_layout_frame_7_xml,HabboWindowManagerCom_habbo_window_layout_frame_7_xml,446_HabboWindowManagerCom_habbo_window_layout_frame_7_xml.bin,C:\habbo\client\habbo-client-ngh\binaryData\446_HabboWindowManagerCom_habbo_window_layout_frame_7_xml.bin,C:\habbo\client\habbo-client-clean\src\binaryData\HabboWindowManagerCom_habbo_window_layout_frame_7_xml.bin,4e08be95d4e4c5fcfb7f4d9e40514cb73cb86411f1b0a8802ba0a0b055a427dd,4e08be95d4e4c5fcfb7f4d9e40514cb73cb86411f1b0a8802ba0a0b055a427dd,identical,identical,4e08be95d4e4c5fcfb7f4d9e40514cb73cb86411f1b0a8802ba0a0b055a427dd
HabboWindowManagerCom,habbo_window_layout_header_3_xml,HabboWindowManagerCom_habbo_window_layout_header_3_xml,HabboWindowManagerCom_habbo_window_layout_header_3_xml,1603_HabboWindowManagerCom_habbo_window_layout_header_3_xml.bin,C:\habbo\client\habbo-client-ngh\binaryData\1603_HabboWindowManagerCom_habbo_window_layout_header_3_xml.bin,C:\habbo\client\habbo-client-clean\src\binaryData\HabboWindowManagerCom_habbo_window_layout_header_3_xml.bin,27af538374ab5f7f0e09285166b529670ebcdda7d5805e0a1c294d5bc2bd24b4,27af538374ab5f7f0e09285166b529670ebcdda7d5805e0a1c294d5bc2bd24b4,identical,identical,27af538374ab5f7f0e09285166b529670ebcdda7d5805e0a1c294d5bc2bd24b4
HabboWindowManagerCom,habbo_window_layout_header_7_xml,HabboWindowManagerCom_habbo_window_layout_header_7_xml,HabboWindowManagerCom_habbo_window_layout_header_7_xml,767_HabboWindowManagerCom_habbo_window_layout_header_7_xml.bin,C:\habbo\client\habbo-client-ngh\binaryData\767_HabboWindowManagerCom_habbo_window_layout_header_7_xml.bin,C:\habbo\client\habbo-client-clean\src\binaryData\HabboWindowManagerCom_habbo_window_layout_header_7_xml.bin,41050d75be242b1479c2530d9a8cd0d2bfb97a54e284c42bd4c1ce0f99035e6c,41050d75be242b1479c2530d9a8cd0d2bfb97a54e284c42bd4c1ce0f99035e6c,identical,identical,41050d75be242b1479c2530d9a8cd0d2bfb97a54e284c42bd4c1ce0f99035e6c
HabboWindowManagerCom,habbo_skin_frame_3_xml,HabboWindowManagerCom_habbo_skin_frame_3_xml,HabboWindowManagerCom_habbo_skin_frame_3_xml,1154_HabboWindowManagerCom_habbo_skin_frame_3_xml.bin,C:\habbo\client\habbo-client-ngh\binaryData\1154_HabboWindowManagerCom_habbo_skin_frame_3_xml.bin,C:\habbo\client\habbo-client-clean\src\binaryData\HabboWindowManagerCom_habbo_skin_frame_3_xml.bin,5974667524c61c1c29030a943681448c6e8f03a441e106cf0620c38d8a5f550c,5974667524c61c1c29030a943681448c6e8f03a441e106cf0620c38d8a5f550c,identical,identical,5974667524c61c1c29030a943681448c6e8f03a441e106cf0620c38d8a5f550c
HabboWindowManagerCom,habbo_skin_frame_7_xml,HabboWindowManagerCom_habbo_skin_frame_7_xml,HabboWindowManagerCom_habbo_skin_frame_7_xml,1191_HabboWindowManagerCom_habbo_skin_frame_7_xml.bin,C:\habbo\client\habbo-client-ngh\binaryData\1191_HabboWindowManagerCom_habbo_skin_frame_7_xml.bin,C:\habbo\client\habbo-client-clean\src\binaryData\HabboWindowManagerCom_habbo_skin_frame_7_xml.bin,d6d3816ca06e6e42d7c5bca9501ce12981fa1761813be067518e5a43f801df88,27698408944785ac517d614fcd4ff8bfdf482320b4ddc6bda4d0f841c13a4f72,different,copied,d6d3816ca06e6e42d7c5bca9501ce12981fa1761813be067518e5a43f801df88
HabboWindowManagerCom,habbo_skin_header_3_xml,HabboWindowManagerCom_habbo_skin_header_3_xml,HabboWindowManagerCom_habbo_skin_header_3_xml,2357_HabboWindowManagerCom_habbo_skin_header_3_xml.bin,C:\habbo\client\habbo-client-ngh\binaryData\2357_HabboWindowManagerCom_habbo_skin_header_3_xml.bin,C:\habbo\client\habbo-client-clean\src\binaryData\HabboWindowManagerCom_habbo_skin_header_3_xml.bin,229e88740cf8fe0b23b7908bc19de134120d302a044959a4c340b532d472291e,a6e2f7c8cb6ed0d5db0e5a4221944297eafdc825bdf856d944b0c9db42a9c263,different,copied,229e88740cf8fe0b23b7908bc19de134120d302a044959a4c340b532d472291e
HabboWindowManagerCom,habbo_skin_header_7_xml,HabboWindowManagerCom_habbo_skin_header_7_xml,HabboWindowManagerCom_habbo_skin_header_7_xml,2337_HabboWindowManagerCom_habbo_skin_header_7_xml.bin,C:\habbo\client\habbo-client-ngh\binaryData\2337_HabboWindowManagerCom_habbo_skin_header_7_xml.bin,C:\habbo\client\habbo-client-clean\src\binaryData\HabboWindowManagerCom_habbo_skin_header_7_xml.bin,a3b519aa5cedc94eeb93415e052b38e816ff35b6f593384a9029839a3e9e36aa,fb8112aaa742f8e1e7ba87cf4587a09672e8a038e8e68ff529d69c5455e8f89c,different,copied,a3b519aa5cedc94eeb93415e052b38e816ff35b6f593384a9029839a3e9e36aa
HabboWindowManagerCom,habbo_skin_border_4_xml,HabboWindowManagerCom_habbo_skin_border_4_xml,HabboWindowManagerCom_habbo_skin_border_4_xml,2310_HabboWindowManagerCom_habbo_skin_border_4_xml.bin,C:\habbo\client\habbo-client-ngh\binaryData\2310_HabboWindowManagerCom_habbo_skin_border_4_xml.bin,C:\habbo\client\habbo-client-clean\src\binaryData\HabboWindowManagerCom_habbo_skin_border_4_xml.bin,86eceeec3d20a8ca405f8bcb45825c47d34f5a57cdfd686bd61fa3a7972a8841,86eceeec3d20a8ca405f8bcb45825c47d34f5a57cdfd686bd61fa3a7972a8841,identical,identical,86eceeec3d20a8ca405f8bcb45825c47d34f5a57cdfd686bd61fa3a7972a8841
HabboWindowManagerCom,habbo_skin_border_5_xml,HabboWindowManagerCom_habbo_skin_border_5_xml,HabboWindowManagerCom_habbo_skin_border_5_xml,1399_HabboWindowManagerCom_habbo_skin_border_5_xml.bin,C:\habbo\client\habbo-client-ngh\binaryData\1399_HabboWindowManagerCom_habbo_skin_border_5_xml.bin,C:\habbo\client\habbo-client-clean\src\binaryData\HabboWindowManagerCom_habbo_skin_border_5_xml.bin,5f2dc9f0039b8e979cbc7cf4c448c219ef1b0ba4c8f8d932cd91be7c408ac6ab,5f2dc9f0039b8e979cbc7cf4c448c219ef1b0ba4c8f8d932cd91be7c408ac6ab,identical,identical,5f2dc9f0039b8e979cbc7cf4c448c219ef1b0ba4c8f8d932cd91be7c408ac6ab
HabboWindowManagerCom,habbo_skin_border_6_xml,HabboWindowManagerCom_habbo_skin_border_6_xml,HabboWindowManagerCom_habbo_skin_border_6_xml,318_HabboWindowManagerCom_habbo_skin_border_6_xml.bin,C:\habbo\client\habbo-client-ngh\binaryData\318_HabboWindowManagerCom_habbo_skin_border_6_xml.bin,C:\habbo\client\habbo-client-clean\src\binaryData\HabboWindowManagerCom_habbo_skin_border_6_xml.bin,cabf5016e74e53e80f553f85ca0f51b993e62128082371c0a9e1aed41e7df053,cabf5016e74e53e80f553f85ca0f51b993e62128082371c0a9e1aed41e7df053,identical,identical,cabf5016e74e53e80f553f85ca0f51b993e62128082371c0a9e1aed41e7df053
HabboWindowManagerCom,habbo_skin_border_7_xml,HabboWindowManagerCom_habbo_skin_border_7_xml,HabboWindowManagerCom_habbo_skin_border_7_xml,2049_HabboWindowManagerCom_habbo_skin_border_7_xml.bin,C:\habbo\client\habbo-client-ngh\binaryData\2049_HabboWindowManagerCom_habbo_skin_border_7_xml.bin,C:\habbo\client\habbo-client-clean\src\binaryData\HabboWindowManagerCom_habbo_skin_border_7_xml.bin,9cfcf7284bbcb29111ecf07609af58a131ac86233dbc40618dd58e9b4f8144dc,9cfcf7284bbcb29111ecf07609af58a131ac86233dbc40618dd58e9b4f8144dc,identical,identical,9cfcf7284bbcb29111ecf07609af58a131ac86233dbc40618dd58e9b4f8144dc
HabboWindowManagerCom,habbo_skin_border_8_xml,HabboWindowManagerCom_habbo_skin_border_8_xml,HabboWindowManagerCom_habbo_skin_border_8_xml,2485_HabboWindowManagerCom_habbo_skin_border_8_xml.bin,C:\habbo\client\habbo-client-ngh\binaryData\2485_HabboWindowManagerCom_habbo_skin_border_8_xml.bin,C:\habbo\client\habbo-client-clean\src\binaryData\HabboWindowManagerCom_habbo_skin_border_8_xml.bin,4727cd3232e870b1dfe5b6a83d7e78568df92f86f097027eae4ebf67818da95c,4727cd3232e870b1dfe5b6a83d7e78568df92f86f097027eae4ebf67818da95c,identical,identical,4727cd3232e870b1dfe5b6a83d7e78568df92f86f097027eae4ebf67818da95c
HabboWindowManagerCom,habbo_skin_border_9_xml,HabboWindowManagerCom_habbo_skin_border_9_xml,HabboWindowManagerCom_habbo_skin_border_9_xml,703_HabboWindowManagerCom_habbo_skin_border_9_xml.bin,C:\habbo\client\habbo-client-ngh\binaryData\703_HabboWindowManagerCom_habbo_skin_border_9_xml.bin,C:\habbo\client\habbo-client-clean\src\binaryData\HabboWindowManagerCom_habbo_skin_border_9_xml.bin,48bf383ee91c174865ec33db4fd41f583d2544c6e48ab9e23a2ec4e5b41e66c8,48bf383ee91c174865ec33db4fd41f583d2544c6e48ab9e23a2ec4e5b41e66c8,identical,identical,48bf383ee91c174865ec33db4fd41f583d2544c6e48ab9e23a2ec4e5b41e66c8
